id;name;disambiguatingDescription;description;longitude;latitude;streetAddress;postalCode;addressLocality;telephone;email;url;image;dateModified05d72ccc-2f05-41ce-a778-613057705e00;Postkartengalerie Kabinetli Hinterrhein;Eine kleine, aber feine Privatausstellung antiker Ansichten von Hinterrhein und Umgebung - grösstenteils aus der 1. Hälfte des 20. Jahrhunderts.;<p>Seit Jahren ist Elisabeth&nbsp;Hasler-Stoffel leidenschaftliche Sammlerin entsprechender Postkarten und Lithos und hat diesen Schatz nun auch Interessierten zugänglich gemacht.</p><p>Auf den Fotos von anno dazumal lebt die "Welt von Gestern" neu auf - die unseres Dorfes, des Bernhardinpasses, des Rheinwalds, aber auch&nbsp;die seiner Nachbartäler (Mesolcina, Valsertal, Valle San Giacomo), zu denen infolge des Passwesens und gegenseitiger wirtschaftlicher und familiärer Verflechtungen (Säumerei, Pferdepostwesen)&nbsp;die Nachbarschaft gelebt wurde - stärker als heute.</p><p>Der Keller und das "Ställi", in&nbsp;dem Elisabeths&nbsp;Urgrossvater Joseph Stoffel sein Kleinvieh hielt, wurden geräumt und für die Ausstellung hergerichtet.&nbsp;Sie wurde am 20. September 2020 mit einer Vernissage eröffnet.</p>;9.19892281293869;46.53109816598707;Haus Kabinet, Obere Gasse 10;7438;Hinterrhein;+41 79 754 96 01;e.haslerstoffel@bluewin.ch;https://www.kabinet-altesneuerleben.ch;[{'@type': 'ImageObject', 'contentUrl': 'https://viatpimtsoch.sos-ch-dk-2.exoscale-cdn.com/catalog/8/0/b/b/80bbc1dabcf8f1635cd877eaf2b023a7347dc7ca_postkartengalerie_im_kabinetli_in_hinterrhein.jpg', 'caption': {'de': 'Postkartengalerie Kabinetli Hinterrhein'}}];2025-10-27T21:38:17+01:00
271b28c0-a546-4680-9687-42c310609ac7;Guida Viamala - private Führungen;Guida Viamala - so heissen in der Ferienregion Viamala die ausgebildeten Wander- und Exkursionsleiter.;Ob Schluchten, Brücken, Kirchen oder Burgen, ob Schulreise, Geschäftsausflug oder Wandertag: Eine geführte Exkursion macht den Tag in der Destination Viamala zum unvergesslichen Erlebnis. / Die Guida Viamala sind eine Gruppe von ausgebildeten Kultur- und Wanderleitern und kennen die Region und ihre Geschichten bestens. Die Highlights sind natürlich die Viamala-Schlucht, die Kirche Zillis oder auch der Traversinersteg. Wer diese bereits kennt, kann sich von vielen weiteren Ausflugszielen überraschen lassen. / Wir beraten Sie gerne.;9.448575;46.661818;Viamala Tourismus;7430;Thusis;+41 81 650 90 30;info@viamala.ch;https://www.viamala.ch;[{'@type': 'ImageObject', 'contentUrl': 'https://viatpimtsoch.sos-ch-dk-2.exoscale-cdn.com/catalog/2/1/1/d/211db6570dc95b505628fdb2019f92252072e949_bilderdecke_kirche_st.jpg', 'caption': {'de': 'Kirche St. Martin in Zillis'}}];2026-03-11T12:50:50+01:00
47fa4af8-04a3-404d-9ffa-727d7fa52974;Geführte Wanderung Paradieslilien im Walserdorf Obermutten;Von Stafel laufen wir nach Obermutten, durchs Dorf und zum Aussichtspunkt, wo wir beim Lunch einen wunderbaren Blick auf die Umgebung geniessen können. Nach der Stärkung machen wir uns auf die Suche nach den Paradieslilien. Mit etwas Glück, haben wir die richtige Jahreszeit erwischt! Danach geht es ins Walsermuseum. Von den vielen gesammelten unterschiedlichen Gegenständen, wie Lampen, Werkzeuge, alte Möbel, lassen wir uns inspirieren und in frühere Zeiten versetzten. Natürlich bewundern wir noch die alte, erhaltene Holzkirche, bevor wir den Ausklang im Restaurant Post bei gemütlichem Kaffee und Kuchen machen.;<p><span style="font-weight: bold;">ÖV Anreise</span><br>Möglich ab Uster 6:09 Uhr über Pfäffikon-Chur-Thusis (Kleinbus auf Vorreservation: Stafel Mutten ) Ankunft: 9:09 Uhr</p><p> <br><span style="font-weight: bold;">Treffpunkt
</span><br>Bushaltestelle und Parkplatz Stafel.<br><br></p><p><span style="font-weight: bold;">Kondition
</span><br>Es handelt sich um eine einfache Bergwanderung T2, Kondition gering. Bei Fragen <a href="https://happywandern.ch/index.php/kontakt/" target="_blank">kontaktiere </a>mich!
</p><p><br><span style="font-weight: bold;">Mitnehmen
</span><br>Tagesrucksack mit Lunch und ausreichend Getränken. Eigene Medikamente/ Notfalldecke. Passende Bergkleidung, es kann in den Bergen stets rasch frisch sein. Gute Laune und Freude an der Natur und Kultur. Interesse am Wandern in einer Kleingruppe.</p><p><br></p><p><span style="font-weight: bold;">
Anmeldung</span><span style="font-weight: 700;"><br></span>Bis Mitte Mai 2025. <a href="https://happywandern.ch/index.php/2024/10/05/paradieslilien-im-walserdorf-obermutten/" target="_blank">Hier </a>kannst du dich anmelden.<br></p><p><br><span style="font-weight: bold;">Versicherung
</span><br>Versicherung ist Sache des Teilnehmers.</p>;7431;Stafel;https://happywandern.ch;[{'@type': 'ImageObject', 'contentUrl': 'https://viatpimtsoch.sos-ch-dk-2.exoscale-cdn.com/catalog/7/e/b/7/7eb7c1427e5777e1a93c7dca30fe536eb249795e__AD_8685.jpg', 'caption': {'de': 'Obermutten Geführte Wanderung'}}];2025-10-27T21:38:24+01:00
67d415cb-d555-42c4-84ac-ee39ece4aebb;Bergkristalle vom Berufsstrahler Wolfgang Josché;Der einheimische Berufsstrahler Wolfgang Josche bietet im Sommer Exkursionen an und stellt an folgenden drei Standorten seine schönsten Exemplare aus: Center da Capricorn in Wergenstein, Hotel Fravi in Andeer und in der Sennerei Splügen.;<p>Was in der wärmeren Jahreszeit gefunden wird, muss im Winter gereinigt oder auch weiterverarbeitet werden. So kann Wolfgang Josche von Bergkristallen aus Graubünden in erstklassiger Sammlerqualität bis hin zu einfachen Souvenirstücken viele Gesteinsmaterialien anbieten.</p><p>Im Weiteren verarbeitet er während des Winters verschiedenste edle Bündner Gesteine zu diversem Schmuck. Im Angebot finden sich Halsketten, Armbänder, und teils in Silber gefasste Anhänger, z.B. aus Andeerer Granit, Epidotquarz, Edelserpentin, Smaragdit VS, Pyrit, Dolomit, sowohl als auch grüner und heller Quarz (Bergkristall), Splügener Marmor, Parsennstein, Rhodonit.</p><p>Auch verschiedene gegenständliche Objekte werden verschliffen oder können auch im Auftrag angefertigt werden. Zum Beispiel diverse geometrische Körper wie Würfel, Kugeln, Bücherstützen, Briefbeschwerer, Handsteine usw.</p><p><span style="font-weight: bold;">Exkursionen</span><br>Wolfgang Josche bietet im Sommer regelmässig Exkursionen zu den Strahlerkluften an. Die Daten finden Sie im <a href="https://www.viamala.ch/de/veranstaltungen" target="_blank">Online-Veranstaltungskalender</a>. Für Gruppen auf Anfrage buchbar.&nbsp;Weitere Informationen zu diesem Angebot finden Sie <a href="https://www.naturpark-beverin.ch/de/schatzsuche-am-piz-beverin-exkursionen-zur-strahlerkluft" target="_blank">hier</a>.</p>;9.407404214143753;46.626366155484504;Center da Capricorn;7433;Casti-Wergenstein;+41 81 630 70 28;info@josche-mineralien.ch;https://www.josche-mineralien.ch;[{'@type': 'ImageObject', 'contentUrl': 'https://viatpimtsoch.sos-ch-dk-2.exoscale-cdn.com/catalog/c/1/8/e/c18e623f1fca440dfa69f33ea9d644154e928437_kristallsuche_wolfgang_josche_schamserberg.jpg', 'caption': {'de': 'Kristallsuche mit Berufsstrahler Wolfgang Josché'}}];2025-10-27T21:38:28+01:00
a4d4246a-0e56-4d5f-9b8c-2bfe330dbb80;Ausstellung «mia natira - Wiesen und Weiden am Schamserberg»;Die kleine Ausstellung mia natira im ausgebauten Bauwagen gibt Einblick in die Kulturlandschaft und Artenvielfalt am oberen Schamserberg.;Die kleine Ausstellung «<a href="https://www.naturpark-beverin.ch/de/mia-natira-wiesen-und-weiden-am-schamserberg" target="_blank">mia natira</a> - Wiesen und Weiden am Schamserberg» gibt Einblick in die Kulturlandschaft und Artenvielfalt am oberen Schamserberg. Mit einem Mix aus Informationen und interaktiven Elementen&nbsp;wird das Wechselspiel zwischen der Berglandwirtschaft und den Tier- und Plfanzenarten aufgezeigt. Für die Ausstellung wurde ein Bauwagen inszeniert und ausgebaut. Er ist das Herzstück des Projektes&nbsp;mia natira. Öffnungszeiten: Täglich von 9.00 bis 20.00 Uhr.;9.416303512372906;46.63894823633746;Plàn da Crusch;7433;Mathon;+41 650 70 10;info@naturpark-beverin.ch;https://www.naturpark-beverin.ch;[{'@type': 'ImageObject', 'contentUrl': 'https://viatpimtsoch.sos-ch-dk-2.exoscale-cdn.com/catalog/0/4/a/7/04a7c3a72ad2a09331eb84ac109a0f23c1588bb5_ausstellung_mia_natira_wiesen_und_weiden_am_schamserberg_1.jpg', 'caption': {'de': 'Ausstellung «mia natira - Wiesen und Weiden am Schamserberg»'}}];2025-10-27T21:38:33+01:00
ab5f875f-a776-4e07-89cc-b4b0f9240b00;Geführte Wanderung Burgenweg Thusis - Paspels;<p>Der Weg führt uns von Thusis über einfache T1 Wege an verschiedenen Burgen vorbei. Dies lässt an vergangene Zeiten erinnern. Welche Möglichkeiten hatten die Menschen früher, um Nahrungsmittel haltbar zu machen? Wir gelangen am Rhein und an Mohnfeldern vorbei und geniessen einen Kaffee im Casa Caminada in Fürstenau.  Am Schluss treffen wir in Paspels ein, wo die mutigen unter uns (bei gutem Wetter) einen Abschluss – und Erfrischungsschwumm im Canovasee machen können. Der Bus führt uns zurück.</p><p>Anmelden kannst du dich <a href="https://happywandern.ch/index.php/2024/10/05/burgenweg-thusis-paspels/" target="_blank">hier</a>.</p>;7430;Thusis;https://happywandern.ch;[{'@type': 'ImageObject', 'contentUrl': 'https://viatpimtsoch.sos-ch-dk-2.exoscale-cdn.com/catalog/f/e/1/a/fe1a38d719dfe3e69e669c11e147d54294eb7d59_Burg_Canova__Paspels_Copyright_ViamalaTourismus.jpg'}];2025-10-27T21:38:33+01:00
b9b1c2a2-af3a-4d53-8872-ae3b54ad26ac;Geführte Wanderung Via Spluga trifft Walserweg;Entlang dem Hinterrhein, mit immer wieder imposantem Blick in die Schlucht, gelangen wir, sowohl auf den Spuren der Walser, wie auch unterwegs auf der Via Spluga zur phänomenalen Viamala Schlucht. Bei einer Besichtigung der Schlucht und der Ausstellung der früheren Passstrasse, lassen wir uns in frühere Zeiten versetzen.

Der Weg führt durch den Wald, entlang des Flusses und über Wiesen nach Zillis, wo uns der Bus mit vielen schönen Eindrücken zurück nach Thusis und nach Hause bringt. (Abkürzung möglich: Rückreise ab Viamala Schlucht mit dem Bus)(Möglichkeit der früheren Anreise am Vortag mit Anhängen der Wanderung nach Obermutten und Besichtigung der Holzkirche und des Walsermuseum und der Suche nach den Paradieslilien.);<p><p>ÖV Anreise <br>Möglich ab Uster 7:39 Uhr über Pfäffikon-Chur-Thusis 9:58 Uhr</p><p><br></p><span style="font-weight: bold;">Treffpunkt
</span><br>Thusis Bahnhof oder Parkplatz bei Bahnhof um 10.00 Uhr. Uster ab 7:39 Uhr, Thusis Ankunft 9:58 Uhr </p><p><br><span style="font-weight: bold;">Kondition
</span><br>Es handelt sich um eine einfache Wanderung T2. Bei Fragen <a href="https://happywandern.ch/index.php/kontakt/" target="_blank">kontaktiere </a>mich!
</p><p><br><span style="font-weight: bold;">Mitnehmen
</span><br>Tagesrucksack mit Lunch und ausreichend Getränken. Restaurant bei Viamala Schlucht vorhanden. Eigene Medikamente. Gute Laune und Freude an der Natur und Kultur. Interesse am Wandern in einer Kleingruppe.
<br></p><p><br><span style="font-weight: bold;">Anmeldung
</span><br>Bis 1. Juni 2025. <a href="https://happywandern.ch/index.php/2024/10/05/via-spluga-trifft-walserweg-von-thusis-ueber-viamala-schlucht-bis-zillis/" target="_blank">Hier </a>kannst du dich anmelden.<br></p><p><br><span style="font-weight: bold;">Versicherung
</span><br>Versicherung ist Sache des Teilnehmers.</p>;7430;Thusis;https://happywandern.ch;[{'@type': 'ImageObject', 'contentUrl': 'https://viatpimtsoch.sos-ch-dk-2.exoscale-cdn.com/catalog/3/7/0/4/37044c903a77c13f156abbfbe0b260d5f8a979ea_viaSpluga_Traversinersteg_Copyright_demateo_com.jpg', 'caption': {'de': 'Der Traversinersteg in der Viamala Schlucht'}}];2025-10-27T21:38:36+01:00
cb44c166-a8e1-4097-a020-8fa447dc6436;Geführte Wanderung auf den Piz Vizan;Abwechslungsreiche Tageswanderung. An idyllischen Alphüttli vorbei, über den Raptgusabach ( vom Lai Grand her kommend), durch Wildasyl und dann weglos (Trittsicherheit vorausgesetzt) zum Hausberg von Wergenstein, dem Piz Vizan 2471 m.ü.M. Bei gutem Wetter werden wir hier mit einem wunderbaren Panorama belohnt. Sowohl in Richtung Piz Beverin, als auch zum Splügenpass und vieles mehr. Mit etwas Glück sehen wir Wild oder sogar Edelweise. Zurück gelangen wir über denselben Weg wieder über die Alp Nera und gemütlich zurück zum Sammelauto.

Erfahre hier mehr über die Wanderung.;<p><p>Erfahre <a href="https://happywandern.ch/index.php/2024/10/14/piz-vizan-den-hausberg-von-wergenstein-besteigen/" target="_blank">hier </a>mehr über die Wanderung.</p><p><br></p><span style="font-weight: bold;">Treffpunkt
</span><br>ca. 7.30 (wetterabhängig) in Wergenstein vor Hotel Capricorn, gemeinsame Fahrt mit Sammelauto auf Mautstrasse (pro Auto 10.-) nach Dumagns
</p><p><br><span style="font-weight: bold;">Kondition
</span><br>Es handelt sich um Bergwanderungen T3, Kondition mittel bis schwer. Trittsicherheit erforderlich. Bei Fragen kontaktieren Sie mich!
</p><p><br><span style="font-weight: bold;">Mitnehmen </span><br>Tagesrucksack mit Lunch und ausreichend Getränken. Eigene Medikamente/ Notfalldecke. Passende Bergkleidung, es kann trotz Sommer frisch sein. Wanderschuhe (über den Knöchel) mit gutem Profil (max 6 jährig empfohlen). Gute Laune und Freude an der Natur. Interesse am Wandern in einer Kleingruppe.</p><p><br><span style="font-weight: bold;">Anmeldung
</span><br>Bis Anfang Juni 2025. <a href="https://happywandern.ch/index.php/2024/10/14/piz-vizan-den-hausberg-von-wergenstein-besteigen/" target="_blank">Hier </a>kannst du dich anmelden.</p><p><br><span style="font-weight: bold;">Versicherung
</span><br>Versicherung ist Sache des Teilnehmers.</p>;7433;Wergenstein;https://happywandern.ch;[{'@type': 'ImageObject', 'contentUrl': 'https://viatpimtsoch.sos-ch-dk-2.exoscale-cdn.com/catalog/b/c/2/a/bc2aa11799b8ef3cd08d5e3b1856e470a5c46b1c_IMG_0053.JPG'}];2025-10-27T21:38:37+01:00
d9b76fc5-62bb-4dd3-b042-fbcb08206626;Ausstellung s-cultura.ch;In der Kreismühle Schams in Zillis werden die Skulpturen von Not Bott (1927-1998) ausgestellt, der ein eindrückliches Werk hinterlassen hat. Der Maschinenraum kann ebenfalls besichtigt werden.;Der Kreis Schams erwarb die «Susta vis-à-vis der Pension Conrad in Zillis» 1918 für die Einrichtung einer Mühle.<br>Die elektrische Ammann-Mühle (Langenthal) mit dazugehöriger Gersten-Schälmühle an der Hauptstrasse 10 in Zillis war von 1919 bis 1968 in Betrieb. Im Maschinenraum befinden sich heute zudem eine Gerstenquetschmaschine der Firma Bucher von Niederweningen vom Jahr&nbsp;1940 und eine Stahl-Neusaatmaschine der Firma F. Neuhaus, Eberswalde (ehem. DDR) aus den 1930er Jahren. Die Maschinen sind nicht mehr betriebsfähig. Sie sind aber Kulturzeugnisse in faszinierendem Industriedesign. Die letzte Schamser Landsgemeinde verkaufte 2014 das Gebäude.;9.44522738456726;46.635499938738924;Hauptstrasse 25;7432;Zillis-Reischen;+41 81 661 19 81;info@notbott.ch;https://notbott.ch/verkaufsausstellung;[{'@type': 'ImageObject', 'contentUrl': 'https://viatpimtsoch.sos-ch-dk-2.exoscale-cdn.com/catalog/7/4/0/9/7409d963c024bccf2d41b0ce9675e544c5ea32bc_ausstelung_s_cultura_zillis_reischen.jpg', 'caption': {'de': 'Ausstellung s-cultura.ch in Zillis'}}];2025-10-27T21:38:40+01:00
def39fdf-1d10-4715-ae26-a17c3c45ae88;Kunsthalle an der Albula;Kunstgalerie und Atelierloft mit Werken von Priska Schwab und Claudio Caprez - facettenreich, unkonventionell und ideenreich.;Auf fast 500 m2 können Sie im Galeriebereich Skulpturen und Bilder von Priska Schwab und Claudio Caprez sehen.<br>Der Besucher kann sich auch direkt im offenen Atelier der Künstler über die Entstehung ihrer neusten Werke informieren und mit den Künstlern persönlich sprechen. Ein einmaliger Einblick in den Kunstbereich mit zwei vielseitigen und humorvollen Künstlern.<br>Sie sind zu finden in der Halle einer ehemaligen Schafwollwaren-Fabrik an der schäumenden Albula.;9.460540115833282;46.70723828467447;Albulastrasse 87;7411;Sils i.D.;+41 79 203 79 73;capcla@bluewin.ch;https://www.claudiocaprez.com;[{'@type': 'ImageObject', 'contentUrl': 'https://viatpimtsoch.sos-ch-dk-2.exoscale-cdn.com/catalog/4/1/4/d/414dfde8a8ec5628a73f6c01bba6d3aeb3066dcd_kunsthalle_an_der_albula.jpg', 'caption': {'de': 'Kunsthalle an der Albula in Sils i.D.'}}];2025-10-27T21:38:40+01:00
