id;name;disambiguatingDescription;description;longitude;latitude;streetAddress;postalCode;addressLocality;telephone;email;url;image;dateModified03b8e471-a237-4ed0-a9d4-697a71c59dfe;DrivingGraubünden;Im Fahrsicherheitszentrum DrivingGraubünden kommst du bestimmt ins Schleudern. Aber Übung macht bekanntlich den Meister.;<p>Wer besser fährt, fährt auch sicherer. DrivingGraubünden bietet dir 34'000 m² Hightech-Pisten, auf denen jede erdenkliche Fahrsituation auf der Strasse realitätsnah simuliert werden kann. Professionelle Fahrinstruktor:innen zeigen dir, wie du künftig sicherer, sparsamer und besser fährst.</p><p>Im modernst ausgerüsteten Fahrsicherheitszentrum gibt es nicht nur die obligatorischen Kurse der 2-Phasen-Fahrerausbildung. Egal ob PKW, LKW, Kleinbus – mit oder ohne Anhänger – Motorrad oder was auch immer du im Alltag über die Strassen chauffierst: Du kannst vom passenden Fahrtrainings-Angebot profitieren.</p>;9.42066;46.76162;Unterrealta;7408;Cazis;+41 81 632 30 30;info@drivinggraubuenden.ch;http://www.drivinggraubuenden.ch;[{'@type': 'ImageObject', 'contentUrl': 'https://viatpimtsoch.sos-ch-dk-2.exoscale-cdn.com/catalog/e/4/6/3/e463eebb2314bdcef2109c417310cd9da2245b44_drivinggraubuenden_cazis_fahrsicherheitszentrum.jpg', 'caption': {'de': 'DrivingGraubünden Fahrsicherheitszentrum in Cazis', 'en': 'DrivingGraubünden Driving Safety Center in Cazis', 'it': 'Centro di sicurezza di guida DrivingGraubünden a Cazis'}}];2025-10-27T21:38:17+01:00
05a587e0-4efa-4725-a71a-59aaa9a4c8c6;E-Bike-Ladestation Hinterrhein;Die Ladestation befindet sich an der Garagenwand gegenüber des Restaurant «Bachhuus».;<p><strong>Unsere Tipps für Sie während der Wartezeit</strong></p>
<ul>
<li>Erholen Sie sich mit einer Mahlzeit oder einem kühlen Getränk im Restaurant&nbsp;<a href="https://bachhuus.ch/" target="_blank">Bachhuus</a></li>
<li>Entdecken&nbsp;Sie den&nbsp;<a href="https://www.maps.viamala.ch/s/GZhhK" data-type="tour" data-id="23420028" target="_blank">Rheinquellweg</a></li>
<li>Unterkünfte finden Sie unter&nbsp;<a href="https://www.viamala.ch/de/buchen/unterkuenfte" target="_blank">www.viamala.ch</a></li>
</ul>;9.1987743;46.5309559;Dorfstrasse 26;7438;Hinterrhein;+41 79 669 47 86;reservation@bachhuus.ch;http://www.bachhuus.ch;[{'@type': 'ImageObject', 'contentUrl': 'https://viatpimtsoch.sos-ch-dk-2.exoscale-cdn.com/catalog/f/a/6/a/fa6a4c5f18553d4c23c6ba52d2e0ea26d6c36774_e_bike_ladestation_hinterrhein.jpg', 'caption': {'de': 'E-Bike-Ladestation Hinterrhein', 'en': 'Hinterrhein e-bike charging station', 'it': 'Stazione di ricarica per biciclette elettriche di Hinterrhein'}}];2025-10-27T21:39:42+01:00
0a78a72c-58e4-4964-8625-692222c617b5;Kino Rätia;Seit 1987 gibt es das «Kino Rätia Thusis», das andere Kino in den Bündner Bergen.;<p>Das Kino Rätia bietet ein aktuelles, hochstehendes Filmprogramm, das nicht nur die grossen Kassenschlager beinhaltet, sondern immer wieder auch den Blick über den Tellerrand hinaus wagt. Die alljährlich Anfang November stattfindenden «Weltfilmtage» sind ein Fenster zum Filmschaffen aus Afrika, Asien und Lateinamerika und haben Thusis zu nationaler Bekanntheit verholfen.</p>
<p>Mit der Veranstaltungsreihe «Bühne» ist das Kino auch eine Plattform für Konzerte und Theater der Kleinkunstszene. Ebenso hat sich das Programm «Kintop» etabliert, das monatlich stattfindende Nachmittagskino für Seniorinnen und Senioren, sowie die «Zauberlaterne», ein Filmprogramm für Kinder im Primarschulalter, Übertragungen von Opern auf die Leinwand und dreimal pro Jahr «KinoDisco» mit Film, Tanz und Barbetrieb.</p>
<h4>KinoBar</h4>
<p>Zu einem Drink, einem Snack oder einfach zum Plaudern. Meistens gibt es in der KinoBar Foccaccia und unseren Lieblingsdrink «Giselle», mit oder ohne Alkohol. Das KinoBar Team legt Wert auf regionale Produkte. Lust auf einen Apéro? Die KinoBar ist ein Ort, wo nicht nur Cinéphile sich wohl fühlen. Jeden Samstag ab 19.00 Uhr. Aktuelle Infos finden Sie auf dem Instagram-Account der KinoBar.</p>;9.438977;46.695667;Obere Stallstrasse 14;7430;Thusis;+41 81 651 15 15;kino@kinoraetia.ch;https://kinoraetia.ch;[{'@type': 'ImageObject', 'contentUrl': 'https://viatpimtsoch.sos-ch-dk-2.exoscale-cdn.com/catalog/3/8/8/3/38831f7efccb224818053566e5f574ae466be1ad_kino_raetia.jpg', 'caption': {'de': 'Logo Kino Rätia Thusis', 'en': 'Logo Cinema Rätia Thusis', 'it': 'Logo Kino Rätia Thusis'}}];2025-10-27T21:38:17+01:00
0be0c40a-11b4-4e13-85c6-49bf1c3a3858;Mineralbad Andeer;Das 34 °C warme Wasser im Mineralbad Andeer tut einfach gut. Fernab vom Alltag lässt das gesunde Nass die Sorgen schwinden und schenkt neue Energie – nur Wasser, Wärme und frische Luft.;<p>Das Verw&ouml;hnprogramm beginnt im Innen- und Aussenbecken mit Sprudelliegen, Nackendusche und Whirlpool. Nach Wunsch f&uuml;hrt man die Erholung in der Saunalandschaft mit Biosauna, Finnischer Sauna und Dampfbad fort. Das Mineralbad Andeer bietet auch diverse Massagen sowie Physiotherapiebehandlungen in der Therapieabteilung.</p><p><strong>Massagen</strong><br>Die Klassiker:</p><ul><li>Teil- und Ganzk&ouml;rpermassage</li><li>Wohlf&uuml;hl R&uuml;ckenbehandlung</li><li>Fussreflexzonenmassage</li></ul><p>Die Highlights:</p><ul><li>Edelweiss Massage</li><li>Arven Massage</li><li>Naturpark Beverin Massage</li><li>Schamser Relax Massage</li></ul><p>Massagen sind t&auml;glich auf Voranmeldung m&ouml;glich. Detail siehe <a href="https://mineralbad-andeer.ch/wp-content/uploads/2024/01/RehaAndeer_Wellness-Flyer_2023_WEB-1.pdf" target="_blank" rel="noopener">Flyer</a>. Informationen und Buchung an der Kasse vom Mineralbad, Tel. <a href="tel:+41816611878">+41 81 661 18 78</a>.</p>;9.426626;46.605252;Veia Granda 4;7440;Andeer;+41 81 661 18 78;info@mineralbad-andeer.ch;https://mineralbad-andeer.ch;[{'@type': 'ImageObject', 'contentUrl': 'https://viatpimtsoch.sos-ch-dk-2.exoscale-cdn.com/catalog/b/a/3/8/ba3856d97948fcbef7a2ab8d48ae7719bf4cd49b_mineralbad_andeer_innenbecken_sommer_andrea_badrutt.jpg', 'caption': {'de': 'Das Innenbecken des Mineralbad Andeer', 'en': 'The indoor pool of the Mineralbad Andeer', 'it': 'La piscina coperta del Mineralbad Andeer'}}];2026-06-08T16:41:18+02:00
0c9838fd-181c-4780-888d-d17f842e8b18;Strimer Sport;Traditionelles Sportgeschäft an der Neudorfstrasse in Thusis.;Verkauf und Dienstleistungen im Bereich Sportartikel mit Schwerpunkten: Snowboard &amp; Skiartikel, Bergsport, Freizeitbekleidung, Ski- und Snowboardservice. Strimer Sport vemietet auch Ausrüstung.;9.43939357995987;46.69610040714491;Neudorfstrasse 35;7430;Thusis;+41 81 651 55 44;info@strimer-sport.ch;https://sport.strimer-sport.ch;[{'@type': 'ImageObject', 'contentUrl': 'https://viatpimtsoch.sos-ch-dk-2.exoscale-cdn.com/catalog/7/0/c/9/70c9850065dde78e48e24b91ea2b6170afc9fd9f_strimer_sport_thusis_viamala_tourismus.jpg', 'caption': {'de': 'Strimer Sport in Thusis', 'en': 'Strimer Sport in Thusis', 'it': 'Strimer Sport a Thusis'}}];2025-10-27T21:38:17+01:00
0eca3778-c5d7-4da1-89b0-b5147b9126e3;Minigolf  Beverin;Die 18-Loch-Minigolfanlage ist im Klinik-Areal Beverin integriert und liegt inmitten einer ruhigen, parkähnlichen Landschaft.;<p>Die homologierte Anlage wird täglich gepflegt und lädt zum Spielen und Verweilen ein. Im Anschluss an das Minigolfspielen lässt sich der Ausflug im angrenzenden Restaurant La Plazza bei einem feinen Glace-Coupe oder einem Stück Kuchen ausklingen. Ob Einheimisch, Feriengast oder Bündner - die Minigolfanlage steht Jung und Junggebliebenen für erholsame Stunden von April bis Oktober täglich offen. Ambitionierte Sportlerinnen und Sportler können auf der Profi-Minigolfanlage trainieren oder sich im Wettbewerb messen. Der Minigolfsport vermag jedoch einiges mehr: Kinder, Eltern und Grosseltern können gemeinsam oder einzeln unvergessliche Spielmomente und ein Freizeitvergnügen der besonderen Art erleben. Für Gruppen, Vereine, Schulklassen oder Firmen stellen wir ein individuelles Programm zusammen, das aus Spiel, Spass und kulinarischen Leckereien besteht. Wir beraten Sie gerne. <a href="tel:+41582253535">Rufen</a>&nbsp;Sie uns an oder schreiben Sie eine <a href="mailto:info@pdgr.ch">E-Mail</a>.</p>;9.428099;46.731633;La Nicca Strasse 17;7408;Cazis;+41 58 225 35 35;info@pdgr.ch;https://www.pdgr.ch/freizeitangebote;[{'@type': 'ImageObject', 'contentUrl': 'https://viatpimtsoch.sos-ch-dk-2.exoscale-cdn.com/catalog/a/a/b/b/aabb14bb7ede3e4467af344c08393374b178d2e2_minigolf_anlage_klinik_beverin.jpg', 'caption': {'de': 'Minigolf Anlage der Klinik Beverin', 'en': 'Minigolf course at the Beverin Clinic', 'it': 'Campo da minigolf presso la clinica Beverin'}}];2026-05-06T12:04:41+02:00
10d0d2af-e14f-45b1-b8e4-de7c285aa97b;Parc da Moviment;Der Parc da moviment ist ein neuartiges und zukunftsorientiertes Konzept eines «Fitnessparcours» in der freien Natur. Sport- und trainingswissenschaftliche Überlegungen führen zu einer Konzeption von attraktiven mehrdimensionalen Stationen, die zur Bewegung in der Natur einladen und motivieren.;Jeder Parc da moviment besteht aus einem abgerundeten und immer ersichtlichen Gesamtkonzept mit jeweils mindestens 3 bis 5 Stationen pro motorische Basisfähigkeit (Kraft, Schnelligkeit, Koordination, Ausdauer), die – abhängig von den Geländevorgaben und den jeweiligen Zielstellungen – von der Reihenfolge und Anordnung sportwissenschaftlich abgestimmt sind. Die Stationsnamen machen neugierig, haben einen hohen Aufforderungscharakter und weisen auf die Trainingszielsetzung hin. Der Kanton Graubünden hat im Jahre 2018 das Projekt «Parc da moviment Graubünden» lanciert.;9.359529165796516;46.69211585639632;Obergmeind;7428;Tschappina;+41 81 650 90 30;info@viamala.ch;https://www.viamala.ch;[{'@type': 'ImageObject', 'contentUrl': 'https://viatpimtsoch.sos-ch-dk-2.exoscale-cdn.com/catalog/5/a/5/d/5a5dcab75b14e2707631eaa3e49d538d5d698f75_parc_da_movment_obergmeind_heinzenberg_sommer_demateo.jpg', 'caption': {'de': 'Der Parc da Moviment in der Obergmeind', 'en': 'The Parc da Moviment in the Obergmeind', 'it': "Il Parc da Moviment nell'Obergmeind"}}];2025-10-27T21:38:18+01:00
10fb9d85-5085-4310-8775-711896e62ca3;Mittner 2-Rad Technik;Reparatur-, Service- und Umbauarbeiten an Bikes, Mofas, Roller und Kleingeräten für Haus und Garten.;<p>Im Jahre 1985 gründeten Hennie und Christophe Mittner-Muilerman in einem ehemaligen Bäckers- und Schnappsbrennerei-Häuschen auf 36 m2 eine Reparaturwerkstatt. Die Auswahl an Fahrzeugen und die Kundschaft wuchs und somit wurde im Jahre 1992 das heutige Geschäftsgebäude - mit grosser Werkstatt erbaut.</p>
<p>Am 1. Januar 2016 übernahmen Tobias &amp; Anita Simeon-Mittner das Geschäft.</p>;9.445903301239014;46.7322593149716;Domleschgerstrasse 31;7415;Pratval;+41 81 655 12 46;info@mittner2rad.ch;https://www.mittner2rad.ch;[{'@type': 'ImageObject', 'contentUrl': 'https://viatpimtsoch.sos-ch-dk-2.exoscale-cdn.com/catalog/5/8/9/b/589b483835dfc54b34cfd7f008ab2f2fdcf44425_mittner_2_rad_technik_pratval.jpg', 'caption': {'de': 'Mittner 2-Rad Technik in Pratval', 'en': 'Mittner 2-Rad Technik in Pratval', 'it': 'Mittner 2-Rad Technik a Pratval'}}];2025-10-27T21:38:18+01:00
139edb63-bddc-4906-ade8-9fbd0af9842a;E-Bike-Ladestation Sufers;Die E-Bike-Ladestation befindet sich direkt beim Hotel Restaurant Seeblick.;<p><span style="font-weight: bold;">Vorhandene Anschlüsse </span></p><ul><li>Bosch </li><li>Yamaha </li><li>Impulse-Brose </li><li>Shimano 1 &amp; 2 </li><li>Panasonic-Flyer 1 &amp; 2 </li><li>Schweizer Steckdose&nbsp;T13 </li></ul><p><br></p><p><span style="font-weight: bold;">Unsere Tipps für Sie während der Wartezeit </span></p><ul><li>Stärken Sie sich im <a href="https://www.seeblick-sufers.ch/">Hotel Restaurant Seeblick</a>. </li><li>Möchten Sie in Sufers übernachten, stehen Ihnen verschiedene Unterkünfte zur Wahl. So z.B. im Hotel Seeblick, in B&amp;B's und Ferienwohnungen. <a href="https://tportal.tomas.travel/Viamala/ukv/?date_unknown=1&amp;%3FdoSearch=1&amp;ukv_result_order=1&amp;serviceProviderTypes%5B0%5D&amp;locationIDs%5B0%5D=TDS00020010527381592&amp;reset=1">Hier </a>geht's zum Online-Shop. </li><li>Für den Einkauf des Proviants besuchen Sie den <a href="https://sufers.ch/gewerbe-landwirtschaft/">Dorfladen Sufers</a>.&nbsp;</li></ul>;9.368687868118286;46.56987709924822;Poststrasse 4;7434;Sufers;+41 81 664 12 33;kanzlei@sufers.ch;https://sufers.ch;[{'@type': 'ImageObject', 'contentUrl': 'https://viatpimtsoch.sos-ch-dk-2.exoscale-cdn.com/catalog/4/e/d/b/4edbe27b3aab0939dbe48a0fdc896d6767ee4372_e_bike_ladestation_sufers_rheinwald_naturpark_beverin.jpg', 'caption': {'de': 'E-Bike-Ladestation Sufers', 'en': 'Sufers e-bike charging station', 'it': 'Sufers e-bike charging station'}}];2025-10-27T21:38:18+01:00
190a6ea0-878e-4a40-b271-9981a157a1fc;Curling-Natureisfeld Hüschera Splügen;Der Curling Club Splügen präpariert bei entsprechenden Temperaturen jeweils zwei Curling-Bahnen, welche als Gruppe gemietet werden können.;<p><span style="font-weight: bold;">Miete pro Bahn:&nbsp;</span>CHF 150 </p><ul><li>Einführung und Erklärung durch ein Mitglied des Curling Clubs Splügen</li><li>Match über 6 Ends mit ständiger Betreuung (Spielzeit ca. 1.5 Stunden)</li><li> Personenzahl pro Bahn 6-10 Personen </li></ul><p><br></p><p>Nach dem beendeten Match ist es möglich, sich in der Hüschera Bar mit einem warmen Getränk aufzuwärmen und ein Fondue oder Raclette zu geniessen.</p>;9.322001;46.547779;Splügenpassstrasse 12;7435;Splügen;+41 79 610 55 25;info@hueschera.ch;https://www.hueschera.ch/curling/;[{'@type': 'ImageObject', 'contentUrl': 'https://viatpimtsoch.sos-ch-dk-2.exoscale-cdn.com/catalog/2/9/7/1/2971767394c1aaf5ffe4dc4db8a1ce45cde16ca2_curling_natureisfeld_hueschera_spluegen_rheinwald_winter_viamala_tourismus.jpg', 'caption': {'de': 'Das Curling-Natureisfeld Hüschera Splügen', 'en': 'The curling natural ice field Hüschera Splügen', 'it': 'Il campo di ghiaccio naturale per il curling Hüschera Splügen'}}];2026-02-18T08:28:11+01:00
1dd80371-96e2-4dc4-98e6-efcd48024cd3;Gästeinformation Viamala, Infostelle Andeer;9.426666;46.605278;c/o Mineralbad Andeer;7440;Andeer;+41 81 650 90 30;info@viamala.ch;https://www.viamala.ch;[{'@type': 'ImageObject', 'contentUrl': 'https://viatpimtsoch.sos-ch-dk-2.exoscale-cdn.com/catalog/5/0/0/9/50093e1c4a83e800bd9b00dae862e136ffe690d8_andeer_dorf_reformierte_kirche_mineralbad_schams_herbst_markus_mueller.jpg', 'caption': {'de': 'Andeer mit dem Mineralbad und dem Hotel Fravi', 'en': 'Andeer with the mineral bath and the Hotel Fravi', 'it': "Andeer con il bagno minerale e l'Hotel Fravi"}}];2025-10-27T21:38:18+01:00
1eb4d612-b30b-4f62-b58d-efc317a37c80;Pumptrack Val Schons;Der Pumptrack Val Schons in Andeer wurde im Sommer 2024 eröffnet. Die Initiative dazu kam von drei Fünftklässlern im Jahr 2021, was zur Gründung eines Vereins führte. Der Pumptrack ist für fast alle Altersgruppen geeignet, frei zugänglich und befindet sich auf dem Schulplatz Andeer, gut erreichbar mit öffentlichen Verkehrsmitteln.;<p>Im Herbst 2021 hatten drei Fünftklässler die visionäre Idee, in Andeer einen Pumptrack zu realisieren. Ihre Begeisterung für diesen Trendsport war der Anstoss für ein Gemeinschaftsprojekt, das zur Gründung eines Vereins führte. Die Gemeinde Andeer zeigte sich von Anfang an offen gegenüber diesem Vorhaben und unterstützte es tatkräftig.</p><p>Nach intensiver Planung und Zusammenarbeit mit der renommierten Firma Velosolutions konnte das Projekt im Sommer 2024 erfolgreich umgesetzt werden. Der Pumptrack Val Schons befindet sich zentral auf dem Schulplatz Andeer und ist durch seine Nähe zu den öffentlichen Verkehrsmitteln leicht erreichbar.</p><p>Der Pumptrack ist so gestaltet, dass er Menschen fast jeden Alters anspricht, von Kindern über Jugendliche bis hin zu Erwachsenen. Ob mit dem Fahrrad, Skateboard oder Scooter – der Track bietet Spass und sportliche Herausforderung für Anfänger*innen wie auch Fortgeschrittene. Zudem ist die Anlage frei zugänglich, sodass jeder die Möglichkeit hat, sich hier auszutoben und seine Fähigkeiten zu verbessern.</p><p>Der Pumptrack Val Schons ist somit nicht nur ein sportlicher Treffpunkt, sondern auch ein Symbol für das Engagement und den Gemeinschaftssinn der jungen Generation in Andeer.</p>;9.4253082;46.602327;Veia da Scola 8;7440;Andeer;+41 661 12 52;gemeinde@andeer.ch;https://www.gemeinde-andeer.ch/;[{'@type': 'ImageObject', 'contentUrl': 'https://viatpimtsoch.sos-ch-dk-2.exoscale-cdn.com/catalog/a/2/3/6/a23653bd7f88778b28f5def567053eab95b96ff5_profis_bei_der_eroeffnung_des_pumptracks_val_schons_im_september_2024.jpg', 'caption': {'de': 'Eröffnung Pumtrack Val Schons 2024'}}];2025-10-27T21:39:42+01:00
2117c299-724a-4c2f-a3e6-33216cbb9904;Laada am Berg;In der Wintersaison erwartet dich im Laada am Berg in der Skihütte Oberurmein alles, um deinen Aufenthalt am Berg zu einem kulinarischen Erlebnis zu machen.;<p>Es werden lokale Produkte sowie zahlreiche Spezialit&auml;ten aus der unmittelbaren Umgebung verkauft. Du findest auch Geschenkartikel und Arbeiten der gesch&uuml;tzten Werkst&auml;tte ARBES.</p>;9.385873;46.697728;Oberurmein;7427;Urmein;+41 79 757 17 20;brumm.r@bluewin.ch;[{'@type': 'ImageObject', 'contentUrl': 'https://viatpimtsoch.sos-ch-dk-2.exoscale-cdn.com/catalog/1/8/1/7/1817ada62fae6d470d2a7115be0d1f74b937d2ce_das_breite_angebot_vom_laada_am_berg_in_oberurmein.jpg', 'caption': {'de': 'Der Laada am Berg bietet ein breites Sortiment', 'en': 'Laada am Berg offers a wide range of products', 'it': 'Laada am Berg offre una vasta gamma di prodotti'}}];2026-07-31T09:46:52+02:00
2181ee00-9a9b-4c9b-a372-1f6bded3c50c;Boulderparadies Magic Wood;Bereits 1996 haben die ersten Boulderer (Felsblockkletterer) das Gebiet «Magic Wood» in der Gemeinde Ferrera entdeckt. Im 2004 wurde dann von Seiten der Gemeinde dieser Trend aufgenommen und das Gebiet «Magic Wood» wurde in eine Boulderzone umgezont.;<p>Das Klettergebiet liegt mitten im Gebiet «Paré da Miezgi» am «Ragn da Ferrera», vollständig im Wald. </p><p>Das Bouldergebiet erstreckt sich auf ca. 250 m Breite und 500 m Länge. Mittlerweile hat die Gemeinde Ferrera den Zugang zum «Magic Wood» mit einer Brücke erschlossen. Boulderer, welche nicht auf dem Übernachtungsplatz campieren möchten, haben die Möglichkeit, im Gasthaus Edelweiss in&nbsp;Ausserferrera&nbsp;mit dazugehörigen Touristenhaus GENEROSO oder im Gasthaus Alpenrose in Innerferrera&nbsp;zu nächtigen. </p><p>Beim Bodhi Camping ist es möglich, Crash Pads (Bouldermatten) und Kletterschuhe zu mieten. </p><ul><li><a href="https://www.thecrag.com/climbing/switzerland/alpen/graubunden/magic-wood-averstal" target="_blank">Boulderführer Magic Wood</a> </li><li><a href="https://www.valferrera.com/magic-wood">Mehr Informationen Magic Wood</a> </li></ul><p><br></p><p><span style="font-weight: bold;">Gemeinsam für Magic Wood: Unterstütze die Rettung! </span></p><p>Gemeinsam können wir «Magic Wood» vor der drohenden Schliessung bewahren und dafür sorgen, dass dieser magische Ort weiterhin für uns alle zugänglich bleibt. Wir rufen die gesamte Kletter-Community dazu auf, sich diesem Aufruf anzuschliessen und Magic Wood zu retten. Deine Unterstützung ist jetzt entscheidend, um diesen einzigartigen Ort für kommende Generationen zu bewahren. Lass uns gemeinsam sicherstellen, dass «Magic Wood» weiterhin ein Ort der Magie, Freude und Herausforderung bleibt.&nbsp;</p><ul><li> <a href="https://www.magicwood.app" target="_blank">Weitere Informationen&nbsp;</a></li></ul>;9.438502;46.568506;Hauptstrasse;7444;Ausserferrera;+41 81 661 18 27;customerservice@valferrera.com;https://www.valferrera.com/magic-wood;[{'@type': 'ImageObject', 'contentUrl': 'https://viatpimtsoch.sos-ch-dk-2.exoscale-cdn.com/catalog/7/4/0/8/7408cd41857520fffdc910ca8469b33b84133b94_boulderer_magic_wood_am_ragn_da_ferrera_markus_mueller.jpg', 'caption': {'de': 'Das Boulderparadies Magic Wood bei Ausserferrera', 'en': 'The Magic Wood bouldering paradise near Ausserferrera', 'it': 'Il paradiso del bouldering di Magic Wood vicino ad Ausserferrera'}}];2025-10-27T21:38:21+01:00
2b560a5f-0819-4fb3-8b83-41afc050b176;Gästeinformation Viamala, Infostelle Thusis;9.43963;46.695795;Neudorfstrasse 46;7430;Thusis;+41 81 650 90 30;info@viamala.ch;https://www.viamala.ch;[{'@type': 'ImageObject', 'contentUrl': 'https://viatpimtsoch.sos-ch-dk-2.exoscale-cdn.com/catalog/c/0/4/b/c04b3be5120d6b294693a8474aa44cad87234bab_gaestezentrum_gaesteinformation_thusis_im_sommer_viamala_tourismus_1.jpg', 'caption': {'de': 'Das Gästezentrum an der Neudorfstrasse in Thusis', 'en': 'The guest center on Neudorfstrasse in Thusis', 'it': 'Il centro per gli ospiti sulla Neudorfstrasse a Thusis'}}];2026-06-11T16:30:12+02:00
3377ab69-88a4-431b-8d7a-37bd8fe94e37;Bündner Bauernverband BBV;Als Dachverband der Bündner Landwirtschaft umfasst der Bündner Bauernverband 19 regionale Bauernvereine und 13 landwirtschaftliche Organisationen als Kollektivmitglieder. Er versteht sich als Dienstleistungszentrum für die Bündner Landwirtschaft und vertritt die Interessen der Bündner Bauernfamilien gegenüber politischen Behörden und Organisationen.;<p><span style="font-weight: bold;">Vision</span><br>Bäuerinnen und Bauern erzielen mit der Produktion von gesunden Nahrungsmitteln ein gerechtes Einkommen. Dieses bietet den Bauernfamilien soziale Sicherheit und Lebensqualität. So wird das langfristige Überleben einer vielfältigen Landwirtschaft in Graubünden gesichert.</p><p><span style="font-weight: bold;">Ziele</span><br>Das Ziel vom Bauernverband&nbsp;ist es, mit einem selbstbewussten und positiven Auftritt den Stellenwert und die Leistungen der Bündner Landwirtschaft aufzuzeigen. Der Verband will&nbsp;in der Gesellschaft und bei seinen Kunden das Bild einer modernen und produzierenden Landwirtschaft verankern und als Partner in der Gesellschaft anerkannt sein. Die nachhaltige Bewirtschaftung des Bodens, eine artgerechte Haltung der Tiere und faire Preise für die Produkte sind ein grosses Anliegen.</p><p><span style="font-weight: bold;">Leistungen</span><br>Die Bündner Landwirtschaft produziert Nahrungsmittel von hervorragender Qualität; naturbedingt - der Kanton Graubünden ist ein Graskanton - vor allem Milch und Fleisch.<br></p><p>Durch die nachhaltige Flächennutzung sichert die Landwirtschaft die Erhaltung der Kulturlandschaft und stellt so Einheimischen und Gästen einen vielfältigen und gepflegten Erholungsraum zur Verfügung.</p><p>Bäuerinnen und Bauern tragen viel zur Besiedlung und zur Stabilität der Gesellschaft im ländlichen Raum bei. Die Bewirtschaftung der Wiesen, Weiden und Alpen schützt die Täler vor Naturgefahren und macht diese dadurch bewohnbar<br></p><p>Durch Investitionen in Gebäude, Melorationen, Erschliessungen usw. trägt die Landwirtschaft zur regionalen Wirtschaft und damit zur Wirtschaftsförderung bei. Vor- und nachgelagerte Gewerbe- und Dienstleistungsbetriebe sowie der Tourismus profitieren von einer gesunden Bündner Landwirtschaft.</p><p><span style="font-weight: bold;">Kommunikation</span><br>Der Bündner Bauerverein will&nbsp;gegenüber all den Ansprechpartnern eine offene und verständliche Kommunikation pflegen.<br><br>Mit der Vollintegration zur Marke "graubünden" bekennt sich die Bündner Landwirtschaft dazu, "ein Stück Graubünden" zu sein und nutzt die Möglichkeit, im Markenkleid aktive Öffentlichkeitsarbeit zu leisten.<br><br>Die verbandseigene Wochenzeitschrift "Bündner Bauer" und die Webseite bieten dem Verband die Möglichkeit, seine Anliegen laufend zu kommunizieren und Mitgliedern, Interessierten und nicht zuletzt auch den Medien Hintergrundinformationen und Grundlagenmaterial zur Bündner Landwirtschaft zur Verfügung zu stellen.<br><br>Mit einer kontinuierlichen Berichterstattung, einem professionellen Auftritt und aktiver Medienarbeit (Presseartikel, Medienkonferenzen, usw.) möchten sie das Image einer modernen, natürlichen, aber auch innovativen und zukunftsgerichteten Bündner Landwirtschaft aufbauen und pflegen.</p>;9.424107670783997;46.75344017310798;Bündner Arena, Italienische Strasse 126;7408;Cazis;+41 81 254 20 00;info@buendnerbauernverband.ch;https://www.landwirtschaft-gr.ch;[{'@type': 'ImageObject', 'contentUrl': 'https://viatpimtsoch.sos-ch-dk-2.exoscale-cdn.com/catalog/d/2/b/1/d2b12c0c1866d8ae86f8620f629a5be8f9a62564_buendner_arena_in_cazis.jpg', 'caption': {'de': 'Der Bündner Bauernverband BBV', 'en': "The Graubünden Farmers' Association BBV", 'it': "L'Associazione dei contadini dei Grigioni BBV"}}];2026-03-11T13:13:00+01:00
41e29896-59d8-4630-9e65-15279811ef5e;Natureisfeld Splügen Dorf;Das Natureisfeld liegt auf 1'460 m ü. M. beim Fussballplatz Splügen und ist bei entsprechenden Temperaturen von ca. Mitte Dezember bis Anfang März täglich geöffnet.;<p><span style="font-weight: bold;">Schlittschuhmiete</span><span style="font-weight: 700;"><br></span>Splügen Sport, Tel. <a href="tel:+41816641919">+41 81 664 19 19</a>, <a href="http://spluegensport.ch/" target="_blank">www.spluegensport.ch</a></p><p>Eintritt frei.</p>;9.320212;46.552113;Fussballplatz, Italienische Strasse;7435;Splügen;+41 81 664 11 28;gemeinde@rheinwald.ch;https://www.rheinwald.ch;[{'@type': 'ImageObject', 'contentUrl': 'https://viatpimtsoch.sos-ch-dk-2.exoscale-cdn.com/catalog/f/5/5/c/f55c8ec6763a007bb4ae92e011846a8bfb751ec2_spluegen_dorf_sonnenuntergang_im_winter_silvan_widler.jpg', 'caption': {'de': 'Splügen Dorf im Winter bei Sonnenuntergang', 'en': 'Splügen village in winter at sunset', 'it': 'Il villaggio di Splügen in inverno al tramonto'}}];2026-02-18T08:28:11+01:00
423adefc-44f9-4df9-8e98-245f9704f88f;Elektroauto-Verleih Andeer und Wergenstein;Holen Sie Ihr Auto ab und fahren Sie sofort los. Mit Ihrem Mietauto erhalten Sie ein Stück Freiheit. Für einen Tag, eine Woche oder nach Ihrem Wunsch. Die Mietkonditionen werden Ihren Bedürfnissen angepasst damit Sie unabhängig aufladen, einladen und losfahren.;<p>Die einfachste Variante f&uuml;r einen Kurztrip, Tagesausflug oder eine l&auml;ngere Mietdauer &ndash; engiro machts m&ouml;glich. Unverbindliche Beratung und Offerte nach Ihren W&uuml;nschen.</p>
<p><strong>Welche Autos stehen zur Verf&uuml;gung?<br /></strong>In Andeer steht das eher sportliche Elektroauto Hyundai IONIQ und in Wergenstein das kompakte Elektroauto Renault ZOE zur Verf&uuml;gung. Beide haben eine Vollelektroantrieb und fahren sich sogar einfacher wie mit herk&ouml;mmlichen Automatikgetriebe.</p>;9.427138566970827;46.605195375246176;Veia Granda 3;7440;Andeer;+41 81 630 75 75;info@engiro.ch;https://www.engiro.ch;[{'@type': 'ImageObject', 'contentUrl': 'https://viatpimtsoch.sos-ch-dk-2.exoscale-cdn.com/catalog/3/0/2/7/3027944c3110064bcf699a62a917784f0594f6e0_engiro_elektroauto.jpg', 'caption': {'de': 'engiro Elektroauto'}}];2026-03-11T12:53:32+01:00
42f8292c-3544-4795-94f5-de2a34ebbb39;Bergsportschule Grischa;Ihre lokale Institution für Bergsport.;<p>Die Bergsportschule Grischa wird von einheimischen Berg- und Skiführern mit anerkannter Zertifizierung betrieben. Jenseits der markierten Pisten sind sie in ihrem Element und kennen als Einheimische die verborgenen Winkel und malerischsten Abfahrten in der Destination Viamala. Die Bergsportschule bietet als Experte in den Bereichen Freeride, Skitouren, Schneeschuhwanderungen und Eisklettern eine Vielzahl von Angeboten, von Kursen über Gruppenausflüge und Firmenevents bis hin zu individuellem Guiding, um alle Wünsche zu erfüllen. </p><p>Die Destination Viamala bietet&nbsp;zahlreiche Möglichkeiten für unvergessliche Erlebnisse in der faszinierenden Berglandschaft. Die Bergsportakademie plant nach den Vorstellungen der Teilnehmer und begleitet Sie durch ein unvergessliches Abenteuer.</p>;9.537029;46.45871;Am Bach 489;7447;Am Bach (Avers);+41 81 651 13 23;info@bergsportschulegrischa.ch;https://bergsportschulegrischa.ch;[{'@type': 'ImageObject', 'contentUrl': 'https://viatpimtsoch.sos-ch-dk-2.exoscale-cdn.com/catalog/a/b/b/2/abb2c989f3687a235bfdb725eb963e0f1d8a8243_die_bergfuehrerinnen_der_bergsportschule_grischa_sommer.jpg', 'caption': {'de': 'Die Bergführer der Bergsportschule Grischa', 'en': 'The mountain guides of the Bergsportschule Grischa', 'it': 'Le guide alpine della Bergsportschule Grischa'}}];2026-03-11T13:09:04+01:00
4992b4a6-bb1b-4552-bfba-fa7f7277183a;Natureisfeld Camping Splügen;Das Natureisfeld beim Camping Splügen liegt auf 1'460 m ü. M. direkt neben dem Camping Splügen und ist von ca. Mitte Dezember bis Anfang März bei entsprechenden Temperaturen täglich geöffnet.;<p>Jeden Donnerstagabend ab 19.00 Uhr ist das ganze Spielfeld frei für Eishockey und es stehen Original-Tore zur Verfügung. Geheizte Garderobe, Getränke und Verpflegung beim Campingkiosk. </p><p><span style="font-weight: bold;">Schlittschuhmiete</span></p><p>Splügen Sport </p><p>Talstation Bergbahnen Splügen-Tambo </p><p>Tel. <a href="tel:+41 81 664 19 19">+41 81 664 19 19</a></p><p>E-Mail <a href="mailto:spluegen@spluegensport.ch">spluegen@spluegensport.ch</a></p><p>Web&nbsp;<a href="http://spluegensport.ch/">www.spluegensport.ch</a></p><p><br></p><p>Eintritt frei.</p>;9.314517;46.549192;Camping Splügen, Campingstrasse 18;7435;Splügen;+41 81 664 14 76;camping@spluegen.ch;https://www.spluegen.ch/campingplatz/allgemein;[{'@type': 'ImageObject', 'contentUrl': 'https://viatpimtsoch.sos-ch-dk-2.exoscale-cdn.com/catalog/e/f/8/5/ef851a3ee763614fec9cb2ed10e7d04c97794f4d_natureisfeld_spluegen_camping_winter_viamala_tourismus.jpg', 'caption': {'de': 'Das Natureisfeld beim Camping Splügen', 'en': 'The natural ice rink at Camping Splügen', 'it': ' Il campo di ghiaccio naturale del Camping Splügen'}}];2026-02-18T08:28:11+01:00
5485e6fe-db2d-48bd-ba04-db3903e3a1e5;Gästeinformation Viamala, Infostelle Avers;9.512743949890138;46.47268114499922;Cresta 360;7447;Avers;+41 81 667 11 67;avers@viamala.ch;https://www.viamala.ch;[{'@type': 'ImageObject', 'contentUrl': 'https://viatpimtsoch.sos-ch-dk-2.exoscale-cdn.com/catalog/4/4/4/7/4447c01eca1b92e0ab07c83c4d698dedc01aa223_blick_in_das_averstal_mit_cresta_im_sommer_demateo.jpg', 'caption': {'de': 'Blick ins Avers mit Cresta', 'en': 'View of the Avers with Cresta', 'it': "Vista sull'Avers con Cresta"}}];2026-05-25T16:30:13+02:00
55ef7d36-0646-4341-bc4b-0e327a63208e;Nina Massage & Wellness Splügen;Ob eine klassische Massage, Lymphdrainage, Sportmassage, LavaShell-Massage oder Stickmassage - es steht Ihnen ein breites Angebot an Wellness- und Gesundheitsmassagen zur Verfügung.;<p><strong>Über Nina</strong><br>Nina Tajariol, geboren in Niederuzwil/SG. Im 2010 machte sie parallel zu ihrer Tätigkeit als Masseurin beim EC Wil die Ausbildung zur Berufsmasseurin und Sporttherapeutin. Nach bestandener Prüfung habe&nbsp;sie sich entschlossen, sich als Masseurin selbstständig zu machen. Aufgrund des hohen Pensums, welcher die Betreuung der Eishockeymannschaft sowie der Schweizer Inlinehockey-Nationalmannschaft mitsichbrachte, entschloss sich Nina in der Selbstständigkeit kürzerzutreten. Im 2015 zog es sie nach Splügen, wo sie bis jetzt wohnhaft ist. Seither war sie bei der Ochsner Hockey Academy und der finnischen Frauen Inlinenationalmannschaft engagiert. Immer wieder verspürte Nina, dass sie zurück zur Selbstständigkeit gehen möchte. Deshalb&nbsp;hat sie im Jahr 2021 das Massagestudio in Splügen wieder eröffnet.</p>
<p>Nina ist&nbsp;beim&nbsp;<strong><a href="https://emr.ch/">EMR</a>&nbsp;</strong>registriert und somit bei den Krankenkassen anerkannt. Erkundigen Sie sich bei Ihrer Krankenkasse über eine mögliche Kostenbeteiligung.</p>
<p>Sämtliche Preise finden Sie<strong> <a href="https://nina-massage.ch/">HIER</a></strong>.</p>;9.316278845071793;46.55073576372241;Italienische Strasse 57;7435;Splügen;+41 77 506 00 95;nina-massage@gmx.ch;https://nina-massage.ch;[{'@type': 'ImageObject', 'contentUrl': 'https://viatpimtsoch.sos-ch-dk-2.exoscale-cdn.com/catalog/9/d/c/4/9dc41ba2fcde3a9f63fa99e4d4330f156dd85e2d_massagepraxis_nina_spluegen_rheinwald.jpg', 'caption': {'de': 'Nina Massage & Wellness Splügen', 'en': 'Nina Massage & Wellness Splügen', 'it': 'Nina Massaggio & Benessere Splügen'}}];2025-10-27T21:38:25+01:00
5a874ffe-91d8-4d97-bbfe-b9d14cfbfd9f;Natureisfeld Alp Raguta;Ein wunderschönes Natureisfeld liegt auf der Alp Raguta, 1950 Meter über Meer. Viele typische Bünder Spezialitäten können in der Berghütte genossen werden. Lassen Sie ich von der umliegenden Bergwelt verzaubern.;<p>Fünf Fussminuten von der Bergstation der Sesselbahn Feldis-Mutta entfernt, vor gewaltigem Alpen-Panorama, besteht im Winter bereits seit dem Jahr 2002 eine&nbsp;Natureisbahn&nbsp;(20x44 m) zum Schlittschuhlaufen, Eisstockschiessen und Curling spielen.</p><p> </p><p><span style="font-weight: bold;">Schlittschuhmiete</span><span style="font-weight: 700;"><br></span>Vor Ort möglich.</p><p><span style="font-weight: bold;">Curling</span><span style="font-weight: 700;"><br></span>Fortgeschrittene können die Ausrüstung vor Ort mieten. AnfängerInnen empfehlen wir einen Kurs (ab 8 Personen), mit Spassgarantie, zu buchen.&nbsp; <span style="font-weight: bold;">Eisstockschiessen</span></p><p>Dies ist vor allem im Alpenraum verbreitet und hat eine gewisse Ähnlichkeit mit Curling, ist aber nicht ganz so anspruchsvoll. Die Eisfläche kann reserviert werden oder ein Kurs kann gebucht werden. </p><p>Bitte beachten Sie, dass das Eisfeld für alle zur Verfügung steht und es auch kurzfristig vorkommen kann, dass den Schlittschuhfahrer/innen nur ein Teil des Eisfelds gegönnt werden kann.</p><p><span style="font-weight: bold;">Preise</span><span style="font-weight: 700;"><br></span>Für Curling und Eisstockschiessen werden spezielle Kurse angeboten. Anmeldungen bei Evi Attinger, Tel. <a href="tel:+41794804056">+41 79 480 40 56</a>.</p><p style="margin: 6px 0px;">Alle Preise finden Sie <a href="https://www.alpraguta.ch/angebot/preise">hier</a>.</p>;9.460121;46.796312;Alp Raguta;7404;Feldis;+41 77 505 19 25;kersattinger@duebinet.ch;https://www.alpraguta.ch;[{'@type': 'ImageObject', 'contentUrl': 'https://viatpimtsoch.sos-ch-dk-2.exoscale-cdn.com/catalog/1/d/b/b/1dbb4b6bee18e8e67939a012c4b73433ffb8f41e_alp_raguta_natureisfeld_feldiser_hochland_drohnenaufnahme_switzerland_tourism.jpg', 'caption': {'de': 'Das Natureisfeld Alp Raguta auf der Feldiser Hochebene', 'en': 'The Alp Raguta natural ice field on the Feldis plateau', 'it': "La pista di ghiaccio naturale dell'Alp Raguta sull'altopiano di Feldis"}}];2026-03-18T15:16:11+01:00
5b5f8a3b-a2c3-41b8-82d6-0b67920e9641;Outdoor-Kartbahn Cazis;430 Meter – 10 Kurven – Einzelkart ab 140cm – Doppelkart – bei jedem Wetter;<p>Kommt vorbei in Cazis und geniesst echtes Rennsport-Feeling auf der wunderschönen Anlage von Driving Graubünden.&nbsp;Dort betreiben wir unsere&nbsp;vollelektrischen Karts mit denen ihr mit ein bisschen fahrerischem Geschick 60 km/h erreichen könnt. Egal ob ein spontanes 8-Minuten-Ticket, ein organisiertes Rennen gegen andere Kartfahrer oder euer ganz exklusiven und individuellen Event. Wir haben für alle&nbsp;ein passendes Angebot. </p><p>Weitere Infos finden Sie auf unserer <a href="https://outdoorkart.ch/">Webseite</a>.</p>;9.420583248138428;46.761730144050105;Industriestrasse 22;7408;Cazis;+41 81 632 30 30;info@outdoorkart.ch;https://outdoorkart.ch/;[{'@type': 'ImageObject', 'contentUrl': 'https://viatpimtsoch.sos-ch-dk-2.exoscale-cdn.com/catalog/4/6/c/5/46c5bbf9295bf81f78314736e95bacc2b7751962_outdoor_kartbahn_cazis.jpg', 'caption': {'de': 'Die Outdoor-Kartbahn Cazis', 'en': 'The Cazis outdoor kart track', 'it': "Il kartodromo all'aperto Cazis"}}];2025-10-27T21:38:25+01:00
5d4c2cc9-b4c5-4495-b57c-82380b6bd13a;Gästeinformation Viamala, Infostelle Splügen;9.320054054260256;46.552570834338816;Italienische Str. 46;7435;Splügen;+41 81 650 90 30;info@viamala.ch;https://www.viamala.ch;[{'@type': 'ImageObject', 'contentUrl': 'https://viatpimtsoch.sos-ch-dk-2.exoscale-cdn.com/catalog/d/2/f/5/d2f58235b515e25b37c7d33dbccd5c46f2d916c0_spluegen_dorf_rheinwald_sommer_marco_hartmann.jpg', 'caption': {'de': 'Splügen im Sommer', 'en': 'The guest information office of Viamala Tourism in Splügen', 'it': 'Il centro informazioni per gli ospiti di Viamala Turismo a Splügen'}}];2026-08-20T11:38:51+02:00
5d68bea8-1125-47ec-9136-9fb255df2619;Kunsteisbahn Viamala Sils i.D.;In Sils i. D. wird Wasser zu Winterfreude! Die Kunsteisbahn lädt ein zu Pirouetten, Pucks und purer Bewegungslust.;<p>Willkommen in Sils i.D. &ndash; dort, wo Wintertr&auml;ume aufs Eis kommen. Die neue Kunsteisbahn bringt Bewegung, Spass und Abwechslung in die kalte Jahreszeit. Der Eisverein Viamala sorgt mit viel Herzblut daf&uuml;r, dass Schlittschuhlaufen, Pirouetten, Hockeymatches und Wintervergn&uuml;gen einen festen Platz in unserer Region haben.</p>;9.45103168487549;46.70018975354878;Ausserdorf;7411;Sils i.D.;+41 79 953 74 14;info@eisbahnviamala.ch;https://www.eisbahnviamala.ch;[{'@type': 'ImageObject', 'contentUrl': 'https://viatpimtsoch.sos-ch-dk-2.exoscale-cdn.com/catalog/0/5/f/2/05f299ef8fee2f982ecfc0dca889dedb47ceebc7_DSC_0196.jpg', 'caption': {'de': 'Die neue Kusteisbahn in Sils i.D. während der Eröffnung', 'en': 'The floodlit natural ice rink in Sils i.D. in the evening', 'it': 'Il campo di ghiaccio naturale di Sils i.D. illuminato di sera'}}];2026-03-10T11:46:34+01:00
6a5dce4d-99e3-4cd5-8ebd-5f84ee455279;E-Bike Ladestation Nufenen;Die Ladestation befindet sich am vorderen rechten Hauseck des Gästehaus «Ferien im Schloss».;<p><strong>Unsere Tipps für Sie während der Wartezeit</strong></p>
<ul>
<li>Werfen Sie einen Blick in den&nbsp;<a href="https://www.ferienimschloss.ch/hofladen/" target="_blank">Hofladen</a>&nbsp;des Gästehauses&nbsp;<a href="https://www.ferienimschloss.ch" target="_blank">Ferien im Schloss</a>.&nbsp;Oder besuchen Sie ab 10.00 Uhr den&nbsp;<a href="https://www.ferienimschloss.ch/schlosskeller/" target="_blank">Schlosskeller</a>&nbsp;für eine&nbsp;gemütliche Kaffeepause.</li>
<li>
<p>&nbsp;Unterkünfte finden Sie unter&nbsp;<a href="https://www.viamala.ch/de/buchen/unterkuenfte" target="_blank">www.viamala.ch</a></p>
</li>
</ul>;9.2462173;46.5393209;Italienische Strasse 24;7437;Nufenen;+41 79 612 47 39;info@ferienimschloss.ch;https://www.ferienimschloss.ch;[{'@type': 'ImageObject', 'contentUrl': 'https://viatpimtsoch.sos-ch-dk-2.exoscale-cdn.com/catalog/4/4/d/1/44d16a000516253fd3633b2be199d3bd10d3871b_e_bike_ladestation_nufenen__1_.jpg', 'caption': {'de': 'E-Bike Ladestation Nufenen', 'en': 'Nufenen electric bike charging station', 'it': 'Stazione di ricarica per biciclette elettriche Nufenen'}}];2025-10-27T21:39:42+01:00
6ae72794-f85f-4e57-b6a8-7f14b218167d;Natureisfeld Oberurmein;Das Natureisfeld auf dem Patrutgsee in Oberurmein (1'609 m ü.M.) ist bei entsprechenden Temperaturen von Weihnachten bis Anfang März täglich geöffnet.;<p>Auf dem Natureisfeld in Oberurmein k&ouml;nnen sich Kinder und Erwachsene beim Schlittschuhlaufen austoben. Das gem&uuml;tliche Eisstockschiessen bereitet Jung und Alt viel Spass.</p><h4><strong>Gruppen</strong></h4><p>Der Eisstockclub Patrutg f&uuml;hrt auf Anmeldung f&uuml;r Gruppen ab 15 Personen ein begleitetes Nachteisstockschiessen durch mit anschliessendem Raclette-Plausch in der Clubh&uuml;tte. Eine Anmeldung ist erforderlich an Eisstockclub Patrutg, Philipp Brumm, Tel. <a href="tel:+41 79 406 44 33">+41 79 406 44 33</a>. Das Eisfeld ist nicht beaufsichtigt und es wird jede Haftung abgelehnt.</p><h4><span style="font-weight: bold;">Material </span></h4><p>Eisst&ouml;cke k&ouml;nnen vor Ort gemietet werden.</p><p><strong>Eintritt frei!</strong></p>;9.384716;46.70214;Patrutgsee;7427;Urmein;+41 79 406 44 33;brumm.ph@bluewin.ch;http://www.eisstockclub-urmein.ch;[{'@type': 'ImageObject', 'contentUrl': 'https://viatpimtsoch.sos-ch-dk-2.exoscale-cdn.com/catalog/4/c/8/3/4c838e1a1280509158cf0a7b384d6633be5a8835_eisstockschiessen_auf_dem_natureisfeld_patrutgsee_oberurmein_heinzenberg_winter.jpg', 'caption': {'de': 'Eisstockschiessen auf dem Natureisfeld Oberurmein', 'en': 'Curling on the Oberurmein natural ice rink', 'it': 'Curling sulla pista di ghiaccio naturale di Oberurmein'}}];2026-03-03T13:57:21+01:00
6b30814e-93a1-4423-be0e-adeb17ec188b;E-Bike-Ladestation Zillis;Die Ladestation befindet sich bei der Gemeindekanzlei Zillis an der linken Hauswand bei Fahradständer.;<p><strong>Unsere Tipps für Sie während der Wartezeit</strong></p>
<ul>
<li>Stärken Sie sich im&nbsp;<a href="https://alte-post.ch/">Hotel Alte Post</a>&nbsp;in Zillis</li>
<li>Besuchen Sie die&nbsp;<a href="https://zillis-st-martin.ch/">Kirche St. Martin</a>&nbsp;und bewundern Sie die über 900 Jahre alte Deckenmalerei oder schauen Sie in der Ausstellung zur Kirchendecke vorbei.</li>
<li>Unterkünfte finden Sie unter&nbsp;<a href="https://www.viamala.ch/de/buchen/unterkuenfte">www.viamala.ch</a></li>
</ul>;9.445018172264101;46.635072678689156;Hauptstrasse 27;7432;Zillis-Reischen;+41 081 650 90 30;info@viamala.ch;http://www.viamala.ch;[{'@type': 'ImageObject', 'contentUrl': 'https://viatpimtsoch.sos-ch-dk-2.exoscale-cdn.com/catalog/6/4/d/1/64d1d1100594da0bfbda787742e45927f45f13bc_e_bike_ladestation_zillis.jpg', 'caption': {'de': 'E-Bike-Ladestation Zillis', 'en': 'Zillis e-bike charging station', 'it': 'Stazione di ricarica per biciclette elettriche Zillis'}}];2025-10-27T21:39:42+01:00
7282c443-b171-46b1-b723-61b142254322;Viamala Markt;Den Naturpark Beverin zu Hause geniessen und Gäste sowie sich selber mit auserlesenen Spezialitätenpaketen verwöhnen!;<p>Naturgewalten und die sanfte Bergidylle sind von Gegensätzen geprägt. Dasselbe gilt für unsere Lieferanten der feinen Spezialitäten aus unserer Region: So unterschiedlich die Hersteller, so speziell und einzigartig sind die geschmacksorientierten Spezialitäten, die sich durch Einfachheit, Geschmack und Kraft auszeichnen. Der angenehme Gedanke dabei ist der willkommene Nebenverdienst für alle lokalen Hersteller der unzähligen Köstlichkeiten. Alle diese Hersteller wissen – ein Versprechen, das verpflichtet.<br></p>;9.445359;46.712627;Viamala Markt;7430;Thusis;+41 81 651 05 44;info@viamalamarkt.ch;https://viamalamarkt.ch;[{'@type': 'ImageObject', 'contentUrl': 'https://viatpimtsoch.sos-ch-dk-2.exoscale-cdn.com/catalog/1/5/9/e/159ecbf0780cc7698167fa3e81215df460bf0089_der_viamala_markt_in_der_rastst__tte_thusi_ladens.jpg', 'caption': {'de': 'Der Viamala Markt in der Raststätte Thusis', 'en': 'The Viamala market at the Thusis service station', 'it': "Il mercato di Viamala nell'area di servizio autostradale di Thusis"}}];2025-10-27T21:38:29+01:00
770fc714-80e2-4a09-be57-f678ffb92516;INTERSPORT Banzer Thusis;Intersport Banzer ist die erste Anlaufstelle für Qualität in Thusis, denn hier werden Sie mit Leidenschaft und Fachwissen beraten.;Neben einer breiten Auswahl an Sportausrüstung bietet Intersport Banzer einen professionellen Ski- und Board-Service sowie Skimiete an.;9.43961888551712;46.69558714486065;Neudorfstrasse 36;7430;Thusis;+41 81 651 20 38;info@banzer-sport.ch;https://www.banzer-sport.ch;[{'@type': 'ImageObject', 'contentUrl': 'https://viatpimtsoch.sos-ch-dk-2.exoscale-cdn.com/catalog/1/c/2/3/1c23ff840f4540d7cd564a242e36c8a6aa70990c_intersport_banzer_thusis_sportgeschaeft_sommer.jpg', 'caption': {'de': 'INTERSPORT Banzer in Thusis', 'en': 'INTERSPORT Banzer in Thusis', 'it': 'INTERSPORT Banzer a Thusis'}}];2025-10-27T21:38:29+01:00
776a0ec3-5f4a-41cd-bab2-f37ac3188640;Trail-Center Thusis;Das Trail-Center Thusis ist das ideale Übungsgelände für Mountainbiker – egal ob Einsteiger, Geübte, Kinder oder Erwachsene. Zwei Rundkurse, sechs Linien mit verschiedenen Hindernissen und ein Platz mit Übungselementen bieten den perfekten Zugang zum Mountainbiken.;<p>Das Trail-Center Thusis hat Pioniercharakter: Es ist das erste Trail-Center in Graubünden, im&nbsp;Home of Trails. Auf einer kleinen Fläche neben der Waldbadi in Thusis sind verschiedene Strecken mit Sprüngen, einem Steingarten, einer Pumpline und mehr entstanden. Die einzelnen Wege sind signalisiert, so kann sich jeder Mountainbiker den passenden Trail aussuchen.</p><p>Und nach dem fleissigen Üben im Trail-Center ist man bereit für die grossen Touren im Home of Trails.</p><p><span style="font-weight: bold;">Anmeldung für Gruppen</span><br>Möchtest du als Lehrer*in, Vereinsvorstand, Teamleiter oder als Anbieter von Bike-Kursen einen Event im Trailcenter organisieren? Melde deine Gruppe ab 8 Teilnehmer bitte direkt mit dem <a href="https://www.trailcenter-thusis.ch/ruleset#kalender" target="_blank">Buchungstool </a>an. Bei Fragen, nimm&nbsp;Kontakt&nbsp;mit der <a href="https://www.trailcenter-thusis.ch/kontakt" target="_blank">IG&nbsp;Trailcenter Thusis</a> auf!</p>;9.44593;46.702805;Schützenweg 1;7430;Thusis;+41 79 696 74 64;info@trailcenter-thusis.ch;https://www.trailcenter-thusis.ch;[{'@type': 'ImageObject', 'contentUrl': 'https://viatpimtsoch.sos-ch-dk-2.exoscale-cdn.com/catalog/6/6/5/2/665202a0a59a3d016fd016e3bc6d777434974411_trailcenter_thusis_bikepark_trainingsgelaende_viamala_tourismus.jpg', 'caption': {'de': 'Das Trailcenter in Thusis', 'en': 'The trail center in Thusis', 'it': 'Il Trail Centre di Thusis'}}];2025-10-27T21:38:29+01:00
7781d346-448d-432c-b746-b223b381dc5e;Natureisfeld Cazis;Das Natureisfeld Cazis liegt auf 680 m ü. M. direkt beim Sportplatz St. Martin.;<p>Es steht während der Wintersaison bei entsprechenden Temperaturen zur Verfügung und lädt zum Schlittschuhlaufen und Eishockey spielen ein.</p><p><br></p><p>Eintritt frei.</p>;9.436904;46.720091;St. Martin;7408;Cazis;+41 81 650 90 30;info@viamala.ch;https://www.viamala.ch;[{'@type': 'ImageObject', 'contentUrl': 'https://viatpimtsoch.sos-ch-dk-2.exoscale-cdn.com/catalog/d/a/f/e/dafe9988b63c047351d6c0a7a18afb9b36485299_schlittschuhe_winter_keyvisual_beispielbild.jpg', 'caption': {'de': 'Schlittschuhe auf dem Eis', 'en': 'Skates on the ice', 'it': 'Pattinare sul ghiaccio'}}];2026-02-18T08:28:11+01:00
78a7fb12-1d8d-4f1d-8aa7-47dea1e45c44;E-Tuk-Tuk mieten Thusis;Mit dem E-Tuk-Tuk von Thusis aus die Destination Viamala auf eine ganz andere Art entdecken.;<p>Die Elektro Tuk-Tuks sind eine erlebnisorientierte und ökologische Alternative für den Personentransport im Nahverkehr. Die Auto-Rikscha hat eine Höchstgeschwindigkeit von 45 km/h. Die Dreiräder sind leise, haben Power und sehen umwerfend aus.</p>
<p>In einem Tuk-Tuk haben drei Personen Platz. Ein Fahrer vorne und zwei Gäste hinten. Jeder Sitzplatz verfügt über eine eigene Sitzgurte. Kindersitze können auch befestigt werden.</p>
<p><strong>Reichweite</strong><br>Die Subeez Tuk-Tuks sind für den Mikrotransport gedacht, somit wird empfohlen in&nbsp;einem Kreis von 50 km zu fahren. Die maximale Reichweite beträgt bei voller Ladung im flachen etwa 80 km. Bergaufwärts kann sich die Reichweite verringern, da die Fahrzeuge bergabwärts (d.h. beim Bremsen) aber rekuperieren (Energie wiedergewinnen) gleicht sich das wieder aus.</p>
<p><strong>Anforderungen</strong><br>Die E-Tuk-Tuks können mit einem gültigen Führerausweis ab 18 Jahren&nbsp;gemietet werden.</p>
<p><strong>Preise</strong><br><strong>30 Minuten:</strong> CHF 5.00<br><strong>1 Stunde:</strong> CHF 10.00<br><strong>1/2 Tag:</strong> CHF 50.00<br><strong>1 Tag:</strong> CHF 75.00</p>
<p>Das E-Tuk-Tuk kann über Subeez gebucht und mit TWINT, PayPal oder Kreditkarte bezahlt werden: <a href="tel:+41793761108">+41 79 376 11 08</a>.</p>;9.445405;46.699691;Pantunweg 3;7430;Thusis;+41 79 376 11 08;contact@subeez.ch;https://subeez.ch;[{'@type': 'ImageObject', 'contentUrl': 'https://viatpimtsoch.sos-ch-dk-2.exoscale-cdn.com/catalog/4/7/7/c/477c65cf7d36d6681769453a811d3c627d4f7dd8_e_tuk_tukvon_subeez.jpg', 'caption': {'de': 'Das E-Tuk-Tuk von Subeez in Thusis'}}];2026-03-11T12:53:32+01:00
7eb86677-4615-4d31-84ba-b3ece63634eb;E-Bike-Ladestation Andeer;Die E-Bike-Ladestation befindet sich rechts vom Eingang zum Mineralbad Andeer.;<p><span style="font-weight: bold;">Vorhandene Anschlüsse </span></p><ul><li>Bosch </li><li>Yamaha </li><li>Impulse-Brose </li><li>Shimano 1 &amp; 2 </li><li>Panasonic-Flyer 1 &amp; 2 </li><li>Schweizer Steckdose T13 </li></ul><p><br></p><p><span style="font-weight: bold;">Unsere Tipps für Sie während der Wartezeit </span></p><ul><li>Gönnen Sie sich eine Auszeit im <a href="https://mineralbad-andeer.ch/">Mineralbad Andeer </a>und tanken Sie Kraft für die Weiterfahrt. </li><li>Machen Sie einen Spaziergang durchs Dorf. Speziell ins Auge stechen die historischen Häuser entlang der Veia Granda, der Hauptstrasse von Andeer. Stärken Sie sich in einem der Restaurants oder kaufen Sie Ihren Proviant in der Sennerei, der Metzgerei und der Bäckerei/Konditorei und/oder im Volg-Laden. </li><li>Möchten Sie über Nacht in Andeer bleiben, stehen Ihnen verschiedene Unterkünfte (Hotels, B&amp;B, Ferienwohnungen, Camping) zur Wahl.</li></ul>;9.426814993517155;46.605203049228464;Veia Granda 4;7440;Andeer;+41 81 661 18 78;info@mineralbad-andeer.ch;https://mineralbad-andeer.ch/;[{'@type': 'ImageObject', 'contentUrl': 'https://viatpimtsoch.sos-ch-dk-2.exoscale-cdn.com/catalog/a/d/8/4/ad84d70cb4c5cc1b5bd3fbcf096514ddea832808_e_bike_ladestation_andeer_schams_naturpark_beverin.jpg', 'caption': {'de': 'Die E-Bike-Ladestation beim Mineralbad in Andeer', 'en': 'The e-bike charging station at the mineral bath in Andeer', 'it': 'La stazione di ricarica per biciclette elettriche presso il bagno minerale di Andeer'}}];2025-10-27T21:38:29+01:00
7f56a276-d1ee-4897-ad3e-8a475f3e879a;Tennis Thusis;Die Tennisanlage in der Sportanlage Rheinau in Thusis verfügt über drei Plätze, die allen Tennisbegeisterten offenstehen. Sowohl Mitglieder als auch Gäste haben die Möglichkeit, die Plätze zu buchen und das Spiel zu geniessen.;<p>Die gepflegten Plätze bieten eine ideale Umgebung, um sich sportlich zu betätigen und die malerische Landschaft von Thusis zu erleben.</p>
<p><strong>Tenniskurse / Privatstunden / Juniorentraining / Training für Erwachsene</strong><br>Egal, ob Ihr Anfänger seid oder Euren Schwung perfektionieren möchtet, bei Michaela seid Ihr genau richtig. Sie hilft Euch, Euer Spiel auf das nächste Level zu bringen!</p>
<p>Für Buchungen und weitere Informationen über Trainings und Kurse könnt Ihr Euch direkt bei Michaela melden:</p>
<p><strong>Michaela Tennis Academy</strong><br><a href="tel:+41762867264">+41 76 286 72 64</a><br><a href="mailto:michaelatennisacademy@gmail.com">michaelatennisacademy@gmail.com</a><br><a href="https://www.michaela-tennisacademy.ch/">www.michaela-tennisacademy.ch</a></p>
<p><strong>Kosten</strong></p>
<p>CHF 30.00 pro Platz und Stunde. Gäste können die Plätze an der Rezeption&nbsp;vom&nbsp;TCS Camping Thusis Viamala reservieren und bezahlen.</p>
<p><strong>TCS Camping Thusis Viamala</strong><br>Pantunweg 3<br>7430 Thusis<br><a href="tel:+41816512472">+41 81 651 24 72</a><br><a href="mailto:camping.thusis@tcs.ch">camping.thusis@tcs.ch</a><br><a href="http://tcs-camping.ch/thusis">www.tcs-camping.ch/thusis</a></p>;9.444358348846437;46.701064343472204;Pantunweg;7430;Thusis;info@tcthusis.ch;http://www.tcthusis.ch;[{'@type': 'ImageObject', 'contentUrl': 'https://viatpimtsoch.sos-ch-dk-2.exoscale-cdn.com/catalog/8/1/0/5/8105ce713005348c7bcf2a6232b4c555adc06123_tennisanlage_thusis.jpg', 'caption': {'de': 'Tennisanlage Thusis', 'en': 'Thusis tennis facility', 'it': 'Centro tennis di Thusis'}}];2025-10-27T21:38:29+01:00
7fc0a353-742a-4536-91a5-607c2cd82f92;Splügen Sport;Willkommen bei Splügen Sport! Ein Sportgeschäft direkt an der Talstation der Bergbahnen Splügen Tambo, das Sommer- und Winterausrüstung vermietet sowie Sportbekleidung verkauft. Der Fokus liegt auf exzellentem Service und kompetentem Personal, das Ihnen schnell und freundlich zur Seite steht.;<p>Splügen Sport ist Ihr Anlaufpunkt für hochwertige Sportausrüstung und Bekleidung. Direkt am Fusse der Bergbahnen Splügen Tambo gelegen, bieten das Geschäft eine breite Auswahl an Sommer- und Winterausrüstung von renommierten Marken. Das engagierte Team steht bereit, um Ihnen bei der Auswahl der richtigen Ausrüstung zu helfen und Ihnen einen schnellen und zuvorkommenden Service zu bieten. Eine unkomplizierte Abwicklung und faire Preise sind garantiert.</p>;9.321226725509973;46.55001426590578;Hüschera 4;7435;Splügen;+41 81 664 19 19;spluegen@spluegensport.ch;http://www.spluegensport.ch;[{'@type': 'ImageObject', 'contentUrl': 'https://viatpimtsoch.sos-ch-dk-2.exoscale-cdn.com/catalog/a/3/d/9/a3d9235a4ec12fce0f37dce5f658bb299734d708_spluegen_sport_rheinwald_sommer_viamala_tourismus.jpg', 'caption': {'de': 'Splügen Sport im Sommer', 'en': 'Splügen Sport in summer', 'it': 'Splügen Sport in estate'}}];2025-10-27T21:38:29+01:00
91b6dd82-1cce-425a-827c-8d8b87d3bc3c;Gästeinformation Viamala, Infostelle Zillis;9.445457;46.634904;Hauptstrasse;7432;Zillis;+41 81 650 90 30;info@viamala.ch;https://www.viamala.ch;[{'@type': 'ImageObject', 'contentUrl': 'https://viatpimtsoch.sos-ch-dk-2.exoscale-cdn.com/catalog/a/5/3/3/a5332f8fd75ad27e8a58ee8a7f375d2676a495c4_zillis_dorf.jpg', 'caption': {'de': 'Zillis-Reischen im Sommer', 'en': 'Zillis-Reischen in summer', 'it': 'Zillis-Reischen in estate'}}];2025-10-27T21:38:32+01:00
923327ac-ba1f-49d8-9fe9-61b352a1aa5e;Klettergarten Lai Grand;Schöne Kletterei an den zwei grössten (von drei) freistehenden Felsblöcken am Lai Grand, im atemberaubenden Ambiente der Pizzas d' Anarosa, inmitten des Naturparks Beverin. Der Klettergarten eignet sich ideal für Kinder, Familien, Anfänger und Geniesser. Der Einstiegs- und Sicherungsbereich ist flach, die Routenlängen sind kurz. Der Klettertag kann mit einem Sprung in den Lai Grand abgeschlossen werden. Badehose und Badetuch nicht vergessen! ;<h4>Einrichtung</h4>
<p>Die Einrichtung des Klettergartens erfolgte im Sommer/Herbst 2024 durch Roman Dolf und seine Kinder Lea und Jann.</p>
<ul>
<li><strong>Anzahl Routen:</strong> 9</li>
<li><strong>Routenlänge:</strong> 10 m, eine Route 15 m.</li>
<li><strong>Schwierigkeit:</strong> 4b-6a</li>
<li><strong>Gestein:</strong> sehr rauer und griffiger Kalkstein</li>
</ul>
<p>&nbsp;</p>
<h4>Beste Jahreszeit / Ausrichtung</h4>
<p>Juni bis Oktober, sobald und solange die Strasse zur Tguma offen ist. Fast rundherum alle Expositionen.&nbsp;</p>
<ul>
<li><a href="https://sacpizplatta.ch/uploads/files/klettergarten-lai-grand-beschrieb.pdf" target="_blank">Weitere Informationen</a></li>
<li><a href="https://sacpizplatta.ch/uploads/files/topo-klettergarten-lai-grand.pdf" target="_blank">Informationen Topo</a></li>
</ul>
<p>&nbsp;</p>
<h4>Gastronomie / Unterkunft in der Nähe</h4>
<ul>
<li><a href="https://viamala.ch/de/buchen/unterkuenfte/agrotourismus/alp-nurdagn.html" target="_blank">Alp Nurdagn </a></li>
<li><a href="https://viamala.ch/de/map/poi/cufercalhutte-sac-8236de76-f2d8-4aa5-9c26-7e7da15c70c7.html" target="_blank">Cufercalhütte SAC</a></li>
</ul>;9.3295555;46.6073002;Neudorfstrasse 46;7430;Thusis;info@viamala.ch;https://sacpizplatta.ch/DE/home.html;[{'@type': 'ImageObject', 'contentUrl': 'https://viatpimtsoch.sos-ch-dk-2.exoscale-cdn.com/catalog/9/7/7/9/9779f3b9a0975f52ff85dd7efb6107682a2202f5_lai_grand_klettergarten_felsen.jpg', 'caption': {'de': 'Der Klettergarten an den Felsen beim Lai Grand', 'en': 'The climbing garden on the rocks at Lai Grand', 'it': 'La palestra di roccia del Lai Grand'}}];2025-04-23T12:56:34+02:00
92f5c543-cfa3-4d59-915a-e6b6ef62ecd4;Center da Capricorns;Das Center da Capricorns in Casti-Wergenstein am Schamserberg bildet das Zuhause mehrerer Organisationen und Angebote. Initiiert hat das Projekt die Fundaziun Capricorn, die das hiesige Hotel mit Restaurant betreibt und nachhaltigen Tourismus fördert. Eine Ausstellung bietet Informationen zum Naturpark und zum Steinbock.;Ebenfalls im Center da Capricorns einquartiert hat sich die Geschäftsstelle des <a href="https://www.naturpark-beverin.ch/" target="_blank">Naturparks Beverin</a>, eines regionalen Parks von nationaler Bedeutung. Der 412 km2 grosse Naturpark rund um den Piz Beverin umfasst vier Täler – eine raue Landschaft, geprägt von Abgeschiedenheit und Ruhe – und ist die Heimat einer der grössten Steinbockkolonien der Alpen. Eine Ausstellung in der Geschäftsstelle bietet Informationen zum Naturpark und zum Steinbock. Das Center da Capricorns beheimatet zudem die Forschungsgruppe Tourismus und Nachhaltige Entwicklung der ZHAW (Zürcher Hochschule für Angewandte Wissenschaften). Die Bündner Aussenstelle des Bildungsinstituts aus Wädenswil konzipiert und leitet schweizweit Dienstleistungs- und Forschungsprojekte, deren Ziel es ist, den ländlichen Raum zu beleben, Plattformen für Austausch, Kooperation und Innovation zu schaffen und Impulse für eine nachhaltige Entwicklung zu setzen. Zudem befindet sich die Geschäftsstelle von&nbsp;dem Trailrunning-Kompetenz-Zenrum&nbsp;<a href="https://zenit.run/" target="_blank">zenit.run</a>&nbsp;im Gebäude. Für Naturliebhaber ist das <a href="https://capricorns.ch/de/" target="_blank">Center da Capricorns</a> ausserdem Ausgangspunkt verschiedenster Wanderungen und unterhält Angebote wie Wildbeobachtungen oder Kristallsuchen.&nbsp;;9.40741628408432;46.62635694540715;Dorfstrasse 15;7433;Casti-Wergenstein;+41 81 650 90 30;info@viamala.ch;https://www.viamala.ch;[{'@type': 'ImageObject', 'contentUrl': 'https://viatpimtsoch.sos-ch-dk-2.exoscale-cdn.com/catalog/e/e/c/2/eec2e526b91a607d911094016e882cc88df5762e_center_da_capricorn_wergenstein_sommer_frank_bruederli.jpg', 'caption': {'de': 'Das Center da Capricorn in Wergenstein', 'en': 'Center da Capricorns', 'it': 'Centro da Capricorni'}}];2026-03-11T13:32:30+01:00
9695a547-d1b2-4e60-8d07-6b6d0e07be62;Biohof Taratsch – Lise Louise Laden;Herzlich willkommen im Lise Louise Hofladen des Biohofs Taratsch! Der einladende Ort heisst Sie rund um die Uhr willkommen und bietet ein besonderes Einkaufserlebnis. Hier haben Sie nicht nur die Möglichkeit, frische Produkte zu erwerben, sondern können diese auch in einer gemütlichen Atmosphäre direkt vor Ort geniessen.;<p>Zwei einladende Sitzgelegenheiten stehen zur Verf&uuml;gung, um das traditionelle Konzept der "Marenda" zu erleben - eine genussvolle Mahlzeit, die man sich im Freien g&ouml;nnt. Der Hofladen legt grossen Wert auf Authentizit&auml;t und Regionalit&auml;t, und das spiegelt sich nicht nur in der Lage, sondern auch im Angebot wider.</p>
<p>Tauche ein in die Welt von Rebecca Clopath's K&uuml;che, die f&uuml;r ihre handgemachten K&ouml;stlichkeiten bekannt ist. Hier finden Sie eine Vielfalt an hausgemachten Produkten wie Konfit&uuml;ren, Senf, Chutneys und mehr. Die Liebe zum Detail und die sorgf&auml;ltige Zubereitung verleihen diesen Spezialit&auml;ten einen unverwechselbaren Geschmack.</p>
<p>F&uuml;r Liebhaber von hochwertigen Fleischprodukten gibt es eine Auswahl an Bio-Frischfleisch, herzhaften W&uuml;rsten und k&ouml;stlichem K&auml;se. Die Produkte stammen direkt vom Hof und sind von bester Qualit&auml;t. Beim Einkauf stehen Ihnen verschiedene Zahlungsm&ouml;glichkeiten zur Verf&uuml;gung &ndash; sei es klassisch in bar oder modern und bequem mit Twint.</p>
<p>Dieser Hofladen ist nicht nur ein Ort des Einkaufens, sondern auch des Verweilens und Geniessens. Entdecken Sie Frische der l&auml;ndlichen K&uuml;che und erleben Sie die herzliche Gastfreundschaft dieses einzigartigen Hofladens, der rund um die Uhr f&uuml;r Sie ge&ouml;ffnet ist.</p>;9.4271969;46.6515237;Biohof Taratsch – Rebecca Clopath GmbH;7433;Lohn;+41 81 437 00 06;novas@rebecca-clopath.ch;https://rebecca-clopath.ch/;[{'@type': 'ImageObject', 'contentUrl': 'https://viatpimtsoch.sos-ch-dk-2.exoscale-cdn.com/catalog/5/8/b/a/58ba02b12086e92ab0f84959ffb92901c984b62e_lise_louise_laden_biohof_taratsch.jpg', 'caption': {'de': 'Lise Louise Laden', 'en': 'Lise Louise Shop', 'it': 'Negozio Lise Louise'}}];2025-10-27T21:38:32+01:00
9d5d2101-ca76-40f3-a1ab-c8a405d77f56;Bruder Sport;Für die Kundinnen und Kunden entwickelt sich das Team von Bruder Sport konstant weiter. Alle Produkte werden auf Herz und Nieren geprüft und nur diejenigen, welche weltmeisterlich abschneiden, finden den Weg in das Sortiment.;Mehr als 19 Jahre Erfahrung in der Sportartikelbranche bilden bei Bruder Sport das Fundament um der Kundschaft führende Marken und Qualität zu fairen Preisen anbieten zu können.;9.43964034318924;46.69606177466963;Neudorfstrasse 52;7430;Thusis;+41 81 650 09 01;info@brudersport.ch;https://brudersport.ch;[{'@type': 'ImageObject', 'contentUrl': 'https://viatpimtsoch.sos-ch-dk-2.exoscale-cdn.com/catalog/2/d/7/9/2d7905e5c3654a439a2afdabcde0931832c39d0c_bruder_sport_thusis_viamala_tourismus.jpg', 'caption': {'de': 'Bruder Sport in Thusis', 'en': 'Bruder Sport in Thusis', 'it': 'Bruder Sport a Thusis'}}];2025-10-27T21:38:33+01:00
9e664c68-207b-482e-bb50-9e6c3d5e16e6;Hofladen girs+ Oberurmein;Ein Ort, an dem mit Sorgfalt ausgewählte Produkte und kleine Besonderheiten angeboten werden. Perfekt für alle, die Wert auf Qualität und Regionalität legen.;<p>Das Herz unseres Sortiments sind die von einheimischen Produzent:innen mit Liebe hergestellten Spezialitäten. Die feinen Capuns (auch vegetarisch/vegan), diverse Käsesorten von mild bis rezent, süsse Köstlichkeiten aus der Backstube, Rindfleisch und Würste aus besonders tiergerechter Haltung und noch vieles mehr können wir Ihnen wärmstens empfehlen.
</p><p>
Um Ihnen eine noch vielfältigere Gestaltung Ihres Speiseplans zu ermöglichen, haben wir unser Sortiment mit einigen nicht-regionalen Produkten ergänzt. So finden Sie bei uns z.B. auch diverse Gewürze und Saucen, Spaghetti, Reis, Pommes, kalte Getränke, Glacé, usw. Ebenfalls erhältlich ist eine kleine Auswahl an Hygieneprodukten wie Zahnpasta, Zahnbürste, Seife, Deo oder Toilettenpapier.
</p><p>
Bei uns gibt es auch: Bücher- und Spielverleih, Verkaufsstelle für Abfallgebührenmarken und diverse Geschenkartikel.</p><p><br></p><p><span style="font-weight: bold;">Aufbackservice</span></p><p>
</p>Unser <a href="https://cdn1.site-media.eu/images/document/9097265/Aufbackservice_III.pdf" target="_blank">Aufbackservice </a>mit Backwaren aus Romers Hausbäckerei sorgt dafür, dass Sie am Morgen ein ofenfrisches Gipfeli oder ein feines Stück Butterzopf, unterwegs ein Semmeli oder Brötli aus dem Rucksack und zum Znacht Ihr Lieblingsbrot geniessen können.;9.3858862;46.6977187;Oberurmeinerstrasse 27;7427;Urmein;+41 79 336 08 72;marlis.haenni@pop.agri.ch;https://www.hofladen-girs.ch/;[{'@type': 'ImageObject', 'contentUrl': 'https://viatpimtsoch.sos-ch-dk-2.exoscale-cdn.com/catalog/2/0/f/e/20fe66f7f677611ac4dcab1bce5fb057f2014dbc_girs02.jpg', 'caption': {'de': 'Angebot Hofladen girs+ in Oberurmein', 'en': 'Farm store girs+ Oberurmein'}}];2026-08-26T08:42:53+02:00
a0babf3a-e654-47e1-aa21-76ebbffa76a3;Natureisfeld Obermutten;Das Schneefeld für Eisstockschiessen befindet sich auf 1'863 m ü. M. im Dorfzentrum von Obermutten.;<p>Es steht während der Wintersaison bei entsprechenden Temperaturen zur Verfügung und lädt zum Schlittschuhlaufen und Eishockey spielen ein.&nbsp;</p><p><span style="font-weight: bold;"> Material</span></p><p>Schlittschuhe und Eisstöcke (2 Stück) können für CHF 5.00 im Berggasthaus Post gemietet werden. Als Depot wird ein amtlicher Ausweis oder CHF 50.00 pro Benutzung/Tag/Abend verlangt.</p>;9.484054;46.672361;Obermutten;7431;Mutten;+41 81 936 02 02;info@gasthauspost.ch;https://www.gasthauspost.ch;[{'@type': 'ImageObject', 'contentUrl': 'https://viatpimtsoch.sos-ch-dk-2.exoscale-cdn.com/catalog/4/1/5/d/415df4b7c7feec06e886be05076ee79cc56b15ce_natureisfeld_obermutten_winter.jpg', 'caption': {'de': 'Das Natureisfeld Obermutten', 'en': 'The Obermutten natural ice rink', 'it': 'La pista di ghiaccio naturale di Obermutten'}}];2026-02-18T08:28:11+01:00
a440985f-06f3-4a70-bf78-12d76ba0c71b;Buachlada Kunfermann;Die Buchhandlung in Thusis bietet eine grosse Auswahl an Romanen, Krimis, Kinder- und Fachbüchern und organisiert regelmässig Lesungen und weitere Veranstaltungen.;<p>Seit 40 Jahren im Geschäft und immer noch mit Leidenschaft dabei: damit hätten Agnes Tscharner und Lorenz Kunfermann nicht gerechnet, als sie am 13. November 1981 ohne grosse Pläne und vor allem ohne Businesskonzept ihr „Buach- und Plattalädali Kunfermann“ eröffneten. Denn eigentlich suchten die beiden nur ein Kochbuch mit dem Rezept für ein Filet im Teig in Thusis - ohne Erfolg. Auch die Schallplatte von John Lennon konnten sie nicht finden. Also entschlossen sie kurzerhand, diese Marktlücke mit Büchern und Schallplatten zu füllen. </p><p>Mittlerweile wurde aus dem «Buach- und Plattalädali» die «Buachlada Kunfermann AG», die Schallplatten machten mehr Büchern Platz und Lorenz Kunfermann und Agnes Tscharner essen kein Fleisch mehr. Und nach 40 Jahren im Geschäft wurde es Zeit für das nächste Kapitel. Ab November 2021 übernahmen Flurina und Lucas Kunfermann die Geschäftsführung - ein Buachlada Kunfermann 2.0 quasi. </p><p>Dank des Vertrauens der älteren und der Risikobereitschaft der jüngeren Generation können sie also weiterhin für die langjährige Kundschaft da sein.</p><ul><li><a href="https://www.buachlada.ch/veranstaltungen" target="_blank">Termine Lesungen und weitere Veranstaltungen</a></li></ul>;9.439383;46.695935;Neudorfstrasse 31;7430;Thusis;+41 81 651 34 20;info@buachlada.ch;https://www.buachlada.ch;[{'@type': 'ImageObject', 'contentUrl': 'https://viatpimtsoch.sos-ch-dk-2.exoscale-cdn.com/catalog/6/8/f/4/68f4a8037968d7a7a1cd7a883a2004a1e20e338b_buachlada_kunfermann_thusis_buchhandlung_viamala_tourismus.jpg', 'caption': {'de': 'Der Buachlada Kunfermann in Thusis', 'en': 'The Kunfermann bookshop in Thusis', 'it': 'La libreria Kunfermann a Thusis'}}];2025-10-27T21:38:33+01:00
acd022ff-a84b-4f6f-9bdc-e55241580dbb;Viamala Besucherzentrum;Die Viamala-Schlucht ist ein Naturschauspiel, ihre historische Erschliessung ein einzigartiges Kulturgut. Diese beiden Fakten waren und sind Ausgangspunkte für die touristische Erschliessung der Schlucht. Deren Basis ist und bleibt die 1903 erbaute Treppenanlage mit Felsgalerie.;<p>Sie wird seit dem Frühjahr 2014 durch ein vom einheimischen Architektenteam Ivano Iseppi und Stefan Kurath entworfenes neues Besucherzentrum ergänzt. Das frühere Kioskgebäude und die WC-Anlage stammten aus den 1970er Jahren. Das moderne Besucherzentrum hat wegen den Steinschlagvorschriften gegen die Kantonsstrasse&nbsp;nur ein schmales Langfenster. </p><p>Ein leicht asymmetrisches Gibeldach aus Sichtbeton überspannt die rund 40m2 Verkaufsfläche. Während der Bau zur Strasse und zur Schlucht hin geschlossen wirkt, ist die Süd- und Nordseite des mit einheimischem Holz ausgebauten Innenraums mit grossflächigen Fenstern versehen. Die Besucher gelangen neu durch den Shop hindurch an der Kassa vorbei über die ausgesetzte Treppe nördlich des Gebäudes in die Schlucht. Der Weg führt im Untergeschoss durch einen Ausstellungsraum. Von dort wird man auf die im Jahre 1903 erbaute Treppenanlage geführt, über welche die Schluchtbesucher nach dem Rundgang wieder zum Shop und zur neuen Besucherterrasse gelangen. Die Viamala-Schlucht ist mit jährlich rund 60'000 zahlenden Besuchern Aushängeschild und tragende wirtschaftliche Säule im regionalen Tourismus. Entsprechend waren bei der Planung und der Umsetzung des Bauprojektes die Verbesserung der Orientierung und der Aufenthaltsqualität für den Gast massgebende Maximen. So entwickelte eine Fachgruppe unter Beizug von Dr. Roland Scheurer, einem ausgewiesenen Fachmann im Bereich touristischer Angebotsentwicklung, parallel zum Bauprozess ein modulares Konzept, das sich auf die archaische Natur als Kernwert der Viamala fokussiert. Die Schluchtbesucher werden bewusst nicht mit Informationen überhäuft, sondern subtil aufgefordert, das Szenario vor Ort mit all ihren Sinnen wahrzunehmen.</p>;9.447439000000031;46.663263;Viamala-Schlucht;7432;Zillis-Reischen;+41 81 650 90 30;info@viamala.ch;http://www.viamala.ch;[{'@type': 'ImageObject', 'contentUrl': 'https://viatpimtsoch.sos-ch-dk-2.exoscale-cdn.com/catalog/a/4/c/9/a4c90c5620b5b036b9a851653c021881e5e79f21_besucherzentrum_von_unten.jpg', 'caption': {'de': 'Das Besucherzentrum in der Viamala-Schlucht', 'en': 'The visitor center in the Viamala Gorge', 'it': 'Il centro visitatori della Gola della Viamala'}}];2026-09-09T10:15:43+02:00
af2507ba-0a3b-42cd-9c4c-35edc3a97ddf;Klettergarten Bärenburg Andeer;Kletterpark direkt an der Strasse beim Stausee Bärenburg besteht ein Klettergarten. Ideal für ein Feierabendklettern.;<p>Einseillängen ab 5c </p><p><br></p><p><span style="font-weight: bold;">Informationen und Topo </span></p><p>Bergsportschule Grischa </p><p>Veia Prinzipala 47 </p><p>7443 Pignia</p><p> </p><p><a href="mailto:info@bergsportschulegrischa.ch" target="_blank">info@bergsportschulegrischa.ch</a></p><p><a href="https://bergsportschulegrischa.ch">www.bergsportschulegrischa.ch</a></p>;9.5369788;46.4586884;Bergsportschule Grischa GmbH;7447;Am Bach (Avers);+41 79 102 33 65;info@bergsportschulegrischa.ch;https://bergsportschulegrischa.ch;[{'@type': 'ImageObject', 'contentUrl': 'https://viatpimtsoch.sos-ch-dk-2.exoscale-cdn.com/catalog/a/d/0/4/ad041a35ad96aad06595ee8925a6f42b77e3edd9_13668129.jpg', 'caption': {'de': 'Kletterer im Klettergarten Bärenburg Andeer', 'en': 'Climbers in the Bärenburg Andeer climbing garden', 'it': 'Arrampicatori nella palestra di roccia di Bärenburg Andeer'}}];2025-10-27T21:38:36+01:00
b399a958-e70d-4951-a989-b28895b53855;Dettli-Sport;Das Sportgeschäft im Avers ist während der Wintersaison geöffnet und bietet eine kleine Auswahl an Skis, Skischuhen, Skistöcken, Handschuhen, Mützen, Schuh-Spikes, Ski- und Sonnenbrillen, Sonnencreme und vieles mehr. Es kann auch Ausrüstung gemietet werden. Zudem bietet Dettli Sport auch Ski- und Snowboardservice an.;Dettli Sport wurde im Jahr 1982 von Christian Dettli gegründet. Zuerst befand er sich in einem Bauwagen beim Ponylift. Nach ein paar Jahren wechselte Dettli Sport in das Hirtenhüttchen. Christian Dettli gründete dann auch die Skischule Avers, welche er&nbsp;35&nbsp;Jahre, bis im Frühjahr&nbsp;2020, betrieb. Die Skischule Avers wird nun von seiner treuen Mitarbeiterin Claudia Buchli weiter geführt. Im Jahr 1993 zog das Geschäft aus dem kleinen Hirtenhüttchen in den Neubau, wie Sie es heute vorfinden.&nbsp;Seit der Saison 20/21 ist Christina Dettli, Tochter von Christian und Elsi, nun Geschäftsführerin und freut sich, Sie begrüssen zu dürfen.;9.54961895942688;46.45044872505472;Loretz Haus;7447;Avers;+41 81 667 11 66;dettlisport@gmail.com;https://www.dettli-sport.com;[{'@type': 'ImageObject', 'contentUrl': 'https://viatpimtsoch.sos-ch-dk-2.exoscale-cdn.com/catalog/6/5/3/e/653e1287f2712848f0044c474729b740e59a0536_dettli_sport_im_avers.jpg', 'caption': {'de': 'Dettli-Sport in Avers-Juppa', 'en': 'Dettli-Sport in Avers-Juppa', 'it': 'Dettli-Sport in Avers-Juppa'}}];2025-10-27T21:38:36+01:00
b8f9ad56-4cc0-463c-a0e0-473f0326dda5;Tennis Andeer;Zwei schön gelegene Tennisplätze beim Camping Andeer direkt am Hinterrhein.;<p>Bei voller Auslastung können Einzelspieler den Platz für max. 1 Stunde und Doppelspieler für max. 2 Stunden reservieren. Die Nutzung der Ballwurfmaschine ist kostenlos.</p>
<p><strong>Platzordnung</strong></p>
<ul>
<li>Kinder unter 16 Jahren ist die Benützung der Tennisanlage nur unter Aufsicht von Erwachsenen erlaubt.</li>
<li>Personen ohne Spielberechtigung ist das Betreten der Anlage nicht erlaubt. Sind die Plätze gesperrt, ist der Zutritt untersagt.</li>
<li>Die Tennisplätze dürfen nur mit Tennisschuhen betreten werden. Nach jeder Spielzeit ist der Platz mit der Abziehmatte abzuziehen (gemäss Instruktion am Platzeingang). Die Abziehmatten sind nach der Benützung wieder an die vorgesehenen Haken zu hängen.</li>
<li>Die Ballwurfmaschine ist nach Gebrauch zuzudecken und die Bälle sowie die Kabelrolle sind zu versorgen.</li>
<li>Nach dem Spiel sind sämtliche Türen abzuschliessen und die Beleuchtung auszuschalten.</li>
<li>Bitte Plätze und Clubhaus sauber und aufgeräumt zurücklassen. Anfallender Müll etc. soll in den entsprechenden Abfalleimern entsorgt werden.</li>
<li>Der Tennisclub übernimmt für Unfälle keinerlei Haftung. Spieler, die den Platz bzw. das Eigentum des Vereins beschädigen, haften für diese Schäden. Eltern haften für ihre Kinder. Auf beiden Tennisplätzen und im Clubhaus herrscht striktes Rauchverbot.</li>
<li>Bei Anfahrt mit dem Auto bitte die öffentlichen Parkplätze beim Mineralbad benützen.</li>
<li>Wir bitten Spieler und Zuschauer auf das Ruhebedürfnis der Anwohner Rücksicht zu nehmen.</li>
</ul><p><br></p><p><span style="font-weight: bold;">Kosten</span><br></p><p>CHF 20.00 pro Platz und Stunde.&nbsp;Reservation bei der Gästeinformation c/o Mineralbad Andeer, Tel. <a href="tel:+41816611878">+41 81 661 18 78</a>.&nbsp;Bezahlung der Platzmiete und Schlüsseldepot erfolgt im Mineralbad Andeer.</p>;9.425110816955568;46.60653281858061;Veia Sut Baselgia;7440;Andeer;+41 81 661 18 78;semadeni-kaiser@bluewin.ch;https://mineralbad-andeer.ch/;[{'@type': 'ImageObject', 'contentUrl': 'https://viatpimtsoch.sos-ch-dk-2.exoscale-cdn.com/catalog/7/2/6/d/726d3b69091c422ddfc124397fd0bac6181764fc_tennisplatz_keyvisual.jpg', 'caption': {'de': 'Tennisplatz Andeer', 'en': 'Tennis court Andeer', 'it': 'Campo da tennis Andeer'}}];2025-10-27T21:38:36+01:00
bdddf8a4-d93c-4eb0-a913-9172033b6ebb;Natureisfeld Avers-Juppa;Das Natureisfeld in Avers-Juppa liegt auf 2'000 m ü.M. und ist ab ca. Mitte Dezember geöffnet.;<p>Schlittschuhmiete Dettli-Sport, Tel. <a href="tel:+41 81 667 11 66">+41 81 667 11 66</a>, beim Loretschhus in Juppa.</p><p>Eintritt frei.</p>;9.549854993820192;46.44928619719344;Loretzhaus;7447;Avers;+41 81 650 90 30;info@viamala.ch;https://www.viamala.ch;[{'@type': 'ImageObject', 'contentUrl': 'https://viatpimtsoch.sos-ch-dk-2.exoscale-cdn.com/catalog/2/2/a/9/22a9daefc7364398430d159d313302e825feccc1_natureisfeld_avers_juppa_winter_markus_mueller.jpg', 'caption': {'de': 'Das Natureisfeld Avers-Juppa', 'en': 'The Avers-Juppa natural ice rink', 'it': 'La pista di ghiaccio naturale di Avers-Juppa'}}];2026-02-18T08:28:11+01:00
bf4397e4-3b8a-43fd-bb2c-34c72f1dfc15;Regionalbibliothek Thusis;Kleine und grosse Leseratten kommen in der Bibliothek an der Neudorfstrasse mitten in Thusis voll auf ihre Kosten.;Im kuscheligen Fauteuil ein Hörbuch geniessen. Mit dem Enkelkind dank guten Sachbüchern einen spannenden Vortrag erarbeiten. In schönen Bilderbüchern blättern oder einen spannenden Krimi lesen. / Belletristik, Sachbücher, Zeitschriften, Hörbücher für Jung und Alt, DVD’s, Tonies und sogar noch Kassetten – all das finden Sie in der Regionalbibliothek Thusis. / Werden Sie Mitglied und profitieren Sie! Ihnen steht damit eine umfangreiche, aktuelle Auswahl an Büchern und neuen Medien zur Verfügung. Alle Interessierten sollen sich bei uns ein Abo leisten können. Mit weniger als 8 Franken pro Monat, kann zum Beispiel eine Familie, so oft sie möchten aus ca. 9‘000 Medien auswählen. / Lesen Sie lieber auf einem Tolino oder Tablett? Mit einem Familienabo erhalten Sie zusätzlich einen Code zur digitalen Ausleihe bei „dibiost“. / Besuchen Sie uns und überzeugen Sie sich von unserem Angebot. Sie erhalten damit Zugang zu viel Wissen und Unterhaltung und helfen uns gleichzeitig, den Fortbestand einer zeitgemässen Bibliothek für alle zu sichern. / Wir freuen uns auf Sie!;9.439668;46.696387;Neudorfstrasse 56;7430;Thusis;+41 81 651 42 66;info@bibliothek-thusis.ch;https://www.bibliothek-thusis.ch;[{'@type': 'ImageObject', 'contentUrl': 'https://viatpimtsoch.sos-ch-dk-2.exoscale-cdn.com/catalog/4/e/3/d/4e3d931b81b275d6b1a464464a7240a0f368d463_bibliothek_thusis.jpg', 'caption': {'de': 'Regionalbibliothek Thusis'}}];2025-10-27T21:38:37+01:00
c48bde64-5e6b-46f4-a100-d6671cb1cc01;Pumptrack Sils i.D.;Der Pumptrack in Sils im Domleschg wurde im Frühjahr 2014 als weltweit erste Anlage ihrer Art eröffnet.;Die rund 1’000 m2 grosse Asphaltpiste besteht aus Hügeln, Wellen und Steilwandkurven und ist mit Bike, Skate- und Kickboard befahrbar. Die Anlage kann per Mountainbike, Skate- oder Kickboard einzig durch das aktive Be- und Entlasten von Vorder- und Hinterrad (pumpen; englisch «pump») befahren werden. Speziell an der Silser Anlage ist, dass die Fahrlinie nicht wie beim klassischen Pumptrack fix vorgegeben ist, sondern über die ganze Fläche frei gewählt werden kann.;9.450667;46.700458;Ausserdorf;7411;Sils i.D.;+41 81 651 12 79;info@sils-id.ch;https://www.sils-id.ch;[{'@type': 'ImageObject', 'contentUrl': 'https://viatpimtsoch.sos-ch-dk-2.exoscale-cdn.com/catalog/8/2/2/1/82218f51c4bf9bbaf9d6bdb0c724ff2c2e1f3953_pump_park_pumptrack_sils_im_domleschg_sommer_hansueli_spitznagel.jpg', 'caption': {'de': 'Pump Park Sils i.D.'}}];2025-10-27T21:38:37+01:00
c70b1c8b-ac3b-42a1-95de-04d12353bc1e;Badi Thusis;Die Badi Thusis liegt mitten in einem idyllischen Wäldchen am nordöstlichen Dorfrand, unmittelbar am Hinterrhein.;<p>Die Bassinanlage umfasst ein 50 m-Becken f&uuml;r Schwimmer, ein Kinderbecken, ein 1 m- und ein 3 m-Sprungbrett sowie ein separates Kleinkinder-Planschbecken.</p><p>Auf der Liegewiese gibt es zudem einen kleinen Kinder-Spielplatz mit einem sonnengesch&uuml;tzten Sandkasten. F&uuml;r die Gr&ouml;sseren stehen ein Beachvolleyballfeld und Tischtennis zur freien Ben&uuml;tzung bereit. Im Self-Service-Restaurant sind nebst verschiedenen Snacks und Erfrischungen auch warme Mahlzeiten erh&auml;ltlich.</p><p>In unmittelbarer N&auml;he vom&nbsp;<a href="https://viamala.ch/de/erleben/ausflugsziele/badi-thusis.html" target="_blank" rel="noopener">Waldschwimmbad Thusis</a> befinden sich der Camping-, Sport- und Tennisplatz.</p>;9.445184;46.703153;Pantunweg 7;7430;Thusis;+41 81 651 19 00;info@badi-thusis.ch;http://www.badi-thusis.ch;[{'@type': 'ImageObject', 'contentUrl': 'https://viatpimtsoch.sos-ch-dk-2.exoscale-cdn.com/catalog/c/2/f/4/c2f486cab3bdd8825e2eb666720f2dd480d75c73_badi_thusis_schwimmbecken.jpg', 'caption': {'de': 'Badi Thusis', 'en': 'Badi Thusis', 'it': 'Piscina Thusis'}}];2026-09-02T16:10:53+02:00
c8cf5ae0-0a77-4cb9-b97e-19a2911595a2;Sportwerkstatt STORY Thusis;Arbeiten, einkehren, schlafen, einkaufen, mieten, biken, oder einfach nur sein. Für dich, als Paar, mit der Familie oder dem ganzen Team. Das ist Story Thusis!;<p>Die Vision der Sportwerkstatt Story Thusis ist es, die besten Mountainbike-Erlebnisse in Graub&uuml;nden zu bieten. Die Guides f&uuml;hren ihre G&auml;ste &uuml;ber die sch&ouml;nsten Trails des Kantons und sorgen f&uuml;r unvergessliche Erlebnisse. Das Rundum-Paket umfasst Transport, &Uuml;bernachtungen in ausgew&auml;hlten Mountainbike-Hotels sowie einen pers&ouml;nlichen Guide.</p><p>Im Winter wird das Angebot durch Ski-Service und Vermietung inkl. zweitem Standort im Skigebiet Tschappina in Oberurmein erweitert. Mit innovativen Produkten, wie dem flexiblen Ski- &amp; Bike-Mietmodell f&uuml;r Kinder, das mitw&auml;chst, bietet die Viamala Sportwerkstatt zus&auml;tzlichen Mehrwert</p>;9.440326;46.692676;Unterer Rosenbühl 5;7430;Thusis;+41 81 651 52 53;sportwerkstatt@story-thusis.ch;https://story-thusis.ch/sportwerkstatt;[{'@type': 'ImageObject', 'contentUrl': 'https://viatpimtsoch.sos-ch-dk-2.exoscale-cdn.com/catalog/9/5/2/9/9529f31f72018c0c0b6f9c404e349404e4e1bfe7_der_shop_der_sportwerkstatt_story_thusis.jpg', 'caption': {'de': 'Der Shop in der Sportwerkstatt in der Story Thusis', 'en': 'The store in the sports workshop in the Story Thusis', 'it': "Il negozio dell'officina sportiva nella Storia Thusis"}}];2026-04-07T10:00:16+02:00
d3594abd-fd38-4ef2-b525-c4ac62a32325;GOFAST Schnellladestation Raststätte Viamala;Moderne GOFAST-Schnellladestation bei der Raststätte Viamala in Thusis.;<p>Die Rastst&auml;tte Viamala in Thusis beherbergt den gr&ouml;ssten Schnellladehub im Kanton Graub&uuml;nden, mit 16 Ladepl&auml;tzen und einer Ladeleistung von bis zu 300 Kilowatt. Hier wird ausschliesslich 100% &Ouml;ko-Strom verwendet, was das Aufladen sowohl schnell als auch umweltfreundlich macht.</p>
<p>W&auml;hrend das Elektroauto l&auml;dt, k&ouml;nnen Reisende im Restaurant der Rastst&auml;tte frische Speisen und Getr&auml;nke in modernem Ambiente geniessen. Wer die Ladezeit aktiv nutzen m&ouml;chte, kann einen malerischen Spaziergang in die umliegende Natur unternehmen. So wird die Ladepause zu einer erholsamen Unterbrechung, die neue Energie f&uuml;r die Weiterfahrt liefert.</p>;9.445999860763552;46.71265243883166;Fürstenauerstrasse 1;7430;Thusis;+41 800 463 444;info@gofast.swiss;https://www.gofast.swiss/;[{'@type': 'ImageObject', 'contentUrl': 'https://viatpimtsoch.sos-ch-dk-2.exoscale-cdn.com/catalog/f/3/1/d/f31d4b22ecb461b68cb767d5387901883458fcdd_die_raststaette_viamala_im_fruehling.jpg', 'caption': {'de': 'Die Viamala Raststätte in Thusis'}}];2025-10-27T21:39:42+01:00
d4dec314-70c1-44f6-8c7b-cde0ba96d6ae;E-Bike-Ladestation Innerferrera;Die E-Bike-Ladestation befindet sich beim Gasthaus Alpenrose mitten im Dorf Innerferrrera. Stehen Sie vor dem Gasthaus-Eingang finden Sie die Ladestation an der Rückseite des Anbaus auf der linken Hausseite.;<p><span style="font-weight: bold;">Vorhandene Anschlüsse </span></p><ul><li>Bosch </li><li>Yamaha </li><li>Impulse-Brose </li><li>Shimano 1 &amp; 2 </li><li>Panasonic-Flyer 1 &amp; 2 </li><li>Schweizer Steckdose T13</li></ul><p><br></p><p><span style="font-weight: bold;">Unsere Tipps für Sie während der Ladezeit </span></p><p>Stärken Sie sich im <a href="https://alpenroseferrera.ch/">Gasthaus Alpenrose</a>.&nbsp;besuchen Sie gleich gegenüber des Gasthauses das <a href="https://www.erzminen-hinterrhein.ch/f%C3%BChrungen/bergbau-museum-innerferrera/">Bergbaumuseum Innerferrera</a> und/oder entdecken Sie den neuen <a href="https://www.maps.viamala.ch/s/BfMnt">Waldweg Innerferrera</a> - wird im Sommer 2019 eröffnet - mit der spektakulären 70 m langen Hängebrücke über den Ragn da Ferrera. Länge 2 km, Wanderzeit 45 Min, Mini-Guides sind kostenlos vor Ort erhältlich. </p><p>Falls Sie in Innerferrera übernachten möchten: Im <a href="https://alpenroseferrera.ch/">Gasthaus Alpenrose</a> gibt es auch Gästezimmer.</p>;9.443116485560267;46.52113656844544;Dorfstrasse 23;7445;Innerferrera;+41 81 667 12 13;info@alpenrose-ferrera.ch;https://alpenroseferrera.ch/;[{'@type': 'ImageObject', 'contentUrl': 'https://viatpimtsoch.sos-ch-dk-2.exoscale-cdn.com/catalog/d/c/0/e/dc0e4a4a7746af73ca219686b8926f87598dbfd3_e_bike_ladestation_innerferrera_nataurpark_beverin.jpg', 'caption': {'de': 'Die E-Bike-Ladestation in Innerferrera', 'en': 'The e-bike charging station in Innerferrera', 'it': 'La stazione di ricarica per biciclette elettriche a Innerferrera'}}];2025-10-27T21:38:40+01:00
db40cb50-33cb-4573-a15e-17a37d69a97e;Stizunetta Feldis;Willkommen in der Stizunetta in Feldis – hier gibt es lokale Schätze und herzliche Gastfreundschaft im Herzen der Region Viamala.;<p>Entdecken Sie&nbsp;im charmanten Dorfladen eine Welt sowohl traditioneller, wie auch wilder Delikatessen, geerntet bei Mutter Natur, kunstvolle Handwerksarbeit und alles, was Sie für ein authentisches Erlebnis in den Bündner Alpen benötigen.</p><p><br>Die Stizunetta, liebevoll von Einheimischen geführt, steht für die Verbindung von Tradition und Gemeinschaft. Hier finden Sie eine Auswahl an hochwertigen regionalen Produkten sowie etwas verdichtete Dörflichkeit. Von lokal produziertem Käse über hausgemachte Köstlichkeiten bis hin zu einzigartigen Souvenirs – jedes Stück erzählt die Geschichte von Feldis.</p><p><br>Aber die Stizunetta ist mehr als nur ein Laden. Es ist ein Treffpunkt für Einheimische und Besucher, ein Ort des Austauschs und der Begegnung. Hier können Sie sich über die besten Wanderwege informieren, Geheimtipps für Ausflüge in der Umgebung erhalten, Flüssiges und Bissiges degustieren oder einfach nur einen Moment der Ruhe geniessen, während Sie die Gastfreundschaft und das gemütliche Ambiente auf sich wirken lassen.</p><p><br>Das Team vom Stizunetta freut sich darauf, Sie willkommen zu heissen und mit Ihnen die verborgenen Schätze von Feldis zu teilen.</p>;9.432469;46.794151;Sitzunetta;7404;Feldis;+41 81 630 11 87;viola.wieland@bluewin.ch;[{'@type': 'ImageObject', 'contentUrl': 'https://viatpimtsoch.sos-ch-dk-2.exoscale-cdn.com/catalog/4/8/2/4/4824aa9b4d5c8bed644cc61577f721df2de08642_stizunetta_in_feldis_domleschg_sommer_balz_marti.jpg', 'caption': {'de': 'Die Stizunetta in Feldis', 'en': 'The Stizunetta in Feldis', 'it': 'La Stizunetta a Feldis'}}];2025-10-27T21:38:40+01:00
e4e5c931-954f-4155-b6b9-ed88aee3ad8b;Freibad Andeer;Familienfreundliches Freibad nahe dem Mineralbad und Camping Andeer.;<p>Die romantische Anlage in einer wundersch&ouml;nen Waldlichtung lockt an sch&ouml;nen Sommertagen Gross und Klein zum Schwimmen, Erholen und Auftanken an.</p><p>25m-Schwimmbecken mit eingegliedertem 12m-Nichtschwimmerbecken, Kinderplanschbecken, 1m Sprungbrett, 3m Breitrutschbahn, Spielwiese, Tischtennistische, Beachvolleyballfeld und Kiosk mit Snacks und Erfrischungen.</p><p>Hunde sind im Freibad nicht erlaubt.</p>;9.425009;46.605316;Veia Sut Baselgia 15;7440;Andeer;+41 81 661 17 58;info@mineralbad-andeer.ch;https://mineralbad-andeer.ch;[{'@type': 'ImageObject', 'contentUrl': 'https://viatpimtsoch.sos-ch-dk-2.exoscale-cdn.com/catalog/3/e/0/4/3e04c8917f38505a9375f9d29d28d83123a23387_freibad_andeer_viamala_tourismus_2.jpg', 'caption': {'de': 'Das Freibad Andeer', 'en': 'The outdoor pool Andeer', 'it': "Piscina all'aperto Andeer"}}];2026-09-02T16:05:11+02:00
e4fd03e4-484e-4df3-8a42-5abdf4466bc7;Canyoning Viamala;Erleben Sie die legendäre Viamala-Schlucht aus einer völlig neuen Perspektive, schwerelos schwebend im Wasser des Hinterrheins!;<p>Viamala Canyoning ist nicht das typische Canyoning-Abenteuer. Es ist ein echtes Naturerlebnis der Extraklasse. Beim Viamala Canyoning gibt es keine atemberaubenden Wasserfälle, welche man runterspringt. Vielmehr öffnet sich hier die Viamala-Schlucht dem Besucher von einer völlig unbekannten Seite. Während Millionen von Jahren wurde das beeindruckende Naturmonument der Viamala-Schlucht in den massiven Fels geschliffen. Bis zu 300 Meter hohe Felswände ragen in den Himmel und ganz unten fliesst der junge Rhein. Und genau hier schwimmen Sie durch die Felsenenge und entdecken, was dem Besucher der Schlucht normalerweise verborgen bleibt.</p><p><span style="font-weight: bold;">Anbieter und Sicherheit</span><br>Sicherheit wird grossgeschrieben:&nbsp;Das Naturerlebnis Canyoning Viamala wird durch speziell ausgebildete Fachleute von Swissraft&nbsp;und&nbsp;Swiss River Adventures&nbsp;durchgeführt. Die Unternehmen&nbsp;sind gemäss den Richtlinien&nbsp;der Beratungsstelle für Unfallverhütung BFU&nbsp;sicherheitszertifiziert und bürgen für Sicherheit und Qualität.</p><ul><li><a href="https://www.swissraft.ch/canyoning/graubunden/viamala-schlucht-43" target="_blank">Zum Angebot von Swissraft</a></li><li><a href="https://swissriveradventures.ch/canyoning-tour/canyoning-viamala-halbtagestour/" target="_blank">Zum Angebot von Swiss River Adventure</a><br><br></li></ul><p><span style="font-weight: bold;">Was es braucht<br></span>Canyoning in der Viamala ist keine wilde Action, dafür umso mehr pures Naturerlebnis für alle, welche keine Angst vor Wasser haben. Das Mindestalter ist 14 Jahre in Begleitung Erwachsener. Das Viamala-Canyoning dauert rund 3-4 Stunden. Treffpunkt ist beim <a href="https://maps.app.goo.gl/Jv9b5yhK5sseZYXLA" target="_blank">ehemaligen Restaurant zur alten Post in Rongellen</a>. Die Canyoning-Ausrüstung wird zur Verfügung gestellt.</p><p><span style="font-weight: bold;">Durchführung<br></span>Ca. Mitte Mai (je nach Wasserlevel) bis September. Für Gruppen ab vier Personen täglich auf Anfrage. Für Einzelpersonen und Kleingruppen Donnerstag und Sonntag sowie an einzelnen weiteren Tagen.</p>;9.447504;46.663276;Viamala-Schlucht;7432;Zillis-Reischen;+41 81 650 90 30;info@viamala.ch;https://viamala.ch;[{'@type': 'ImageObject', 'contentUrl': 'https://viatpimtsoch.sos-ch-dk-2.exoscale-cdn.com/catalog/6/5/4/0/654050d69437873799ef4d23c88fd094fcbc18bd_canyoning_viamala_schlucht_switzerland_tourism_ivo_scholz.jpg', 'caption': {'de': 'Canyoning in der Viamala-Schlucht', 'en': 'Canyoning in der Viamala-Schlucht'}}];2025-10-27T21:38:41+01:00
eb67fd51-e0ee-4b6b-8538-080d1674f3d9;Tennis Splügen;Zwei Tennisplätze des TC Splügen warten auf aktive Gäste und Einheimische. Sie befinden sich direkt neben dem Campingplatz Splügen und können unkompliziert gemietet werden. Zwei Schläger und Bälle stehen am Campingkiosk zur freien Nutzung zur Verfügung.;<p>Die Gebühr kann unkompliziert am Campingkiosk oder in der Gästeinformation von Viamala Tourismus auf dem Bodaplatz beglichen werden. Sie erhalten dort den Eingangsschlüssel und einen Quittungskleber, der vor dem Nutzen des Platzes auf dem Reservationstableau anzubringen ist.</p>
<p>Die Sandplätze dürfen nur mit Tennisschuhen betreten werden. Nach dem Spiel den Platz bitte mit dem Netz abziehen. Die Linien müssen nicht gewischt werden.</p><p><span style="font-weight: bold;">Kosten</span></p><p>CHF 25.00 pro Platz und Stunde.&nbsp;Bezahlung in der Gästeinformation Viamala in Splügen (<a href="tel:+41816509030">+41 81 650 90 30</a>)&nbsp;oder im Campingkiosk (<a href="tel:+41816641476">+41 81 664 14 76</a>).</p>;9.3154759;46.5499991;Campingstrasse;7435;Splügen;+41 81 664 14 76;camping@spluegen.ch;https://www.spluegen.ch/campingplatz/tennisplatz;[{'@type': 'ImageObject', 'contentUrl': 'https://viatpimtsoch.sos-ch-dk-2.exoscale-cdn.com/catalog/8/2/d/7/82d74a9dd6167977c7c78f51e667a985b2a01dbc_tennisplaetze_beim_camping_spluegen_markus_mueller.jpg', 'caption': {'de': 'Die Tennisplätze beim Camping Splügen', 'en': 'The tennis courts at Camping Splügen', 'it': 'I campi da tennis del Camping Splügen'}}];2025-10-27T21:38:41+01:00
ecddfd13-3991-4758-a454-58f7f9b4159e;E-Tuk-Tuk mieten Splügen;Mit dem E-Tuk-Tuk von Splügen aus die Destination Viamala auf eine ganz andere Art entdecken.;<p>Die Elektro Tuk-Tuks sind eine erlebnisorientierte und ökologische Alternative für den Personentransport im Nahverkehr. Die Auto-Rikscha hat eine Höchstgeschwindigkeit von 45 km/h. Die Dreiräder sind leise, haben Power und sehen umwerfend aus.</p>
<p>In einem Tuk-Tuk haben drei Personen Platz. Ein Fahrer vorne und zwei Gäste hinten. Jeder Sitzplatz verfügt über eine eigene Sitzgurte. Kindersitze können auch befestigt werden.</p>
<p><strong>Reichweite</strong><br>Die Subeez Tuk-Tuks sind für den Mikrotransport gedacht, somit wird empfohlen in einem Kreis von 50 km zu fahren. Die maximale Reichweite beträgt bei voller Ladung im flachen etwa 80 km. Bergaufwärts kann sich die Reichweite verringern, da die Fahrzeuge bergabwärts (d.h. beim Bremsen) aber rekuperieren (Energie wiedergewinnen) gleicht sich das wieder aus.</p>
<p><strong>Anforderungen</strong><br>Die E-Tuk-Tuks können mit einem gültigen Führerausweis ab 18 Jahren gemietet werden.</p>
<p><strong>Preise</strong><br><strong>30 Minuten:</strong> CHF 5.00<br><strong>1 Stunde:</strong> CHF 10.00<br><strong>1/2 Tag:</strong> CHF 50.00<br><strong>1 Tag:</strong> CHF 75.00</p>
<p>Das E-Tuk-Tuk kann direkt beim <a href="https://www.spluegen.ch/campingplatz/allgemein">Camping Splügen</a> gebucht und bezahlt werden.</p>;9.314288;46.549485;Campingstrasse 18;7435;Splügen;+41 81 664 14 76;camping@spluegen.ch;https://www.spluegen.ch/campingplatz/allgemein;[{'@type': 'ImageObject', 'contentUrl': 'https://viatpimtsoch.sos-ch-dk-2.exoscale-cdn.com/catalog/0/3/6/e/036e06f113e657bde1e578661cf51a6eb9e892e7_subeez_e_tuk_tuk__1_.jpg', 'caption': {'de': 'E-Tuk-Tuk von Subeez'}}];2026-03-11T12:53:32+01:00
ed3d3978-3bc7-4cbd-ab6d-3c1b441f1605;Bergbau-Erlebnisse im Schams;Das Ferreratal, das zum Schams gehört, trägt den Hinweis auf Erzvorkommen bereits im Namen, wobei die erste urkundliche Erwähnung über den Erzabbau aus dem Jahre 1605 stammt.;<p>Es kann jedoch davon ausgegangen werden, dass die Menschen schon viel früher die Erzvorkommen nutzten. Damals suchte man vor allem nach sogenannten Buntmetallen (Blei, Silber und Kupfererz) aber auch nach Eisenerzvorkommen. Einige Stollen, Abbauhalden und Überreste der Verarbeitungsanlagen und Schmelzöfen sind als stumme Zeugen dieser längst vergangenen Zeiten bis heute erhalten geblieben. Der Verein Erzminen Hinterrhein sorgt dafür, dass diese im Bergbaumuseum in Innerferrera und auf geführten Exkursionen wieder entdeckt werden können.</p>
<p>Wer bereit ist für ein abenteuerliches Eintauchen in längst vergangene Zeiten, ist hier richtig.</p>
<p><strong>Geführte Besichtigungen</strong></p>
<p><strong>Exkursion zu den Silberminen Alp Taspegn<br></strong>Jeden Mittwoch von&nbsp;Juli bis&nbsp;Mitte September&nbsp;gibt es eine geführte Besichtigung zu den und in die ehemaligen Erz- und Silberminen. Fahrt mit dem Jeep zur Alp Taspegn, anschliessend kurze Wanderung bis zum Zugang der Mine. Weitere Informationen finden Sie im&nbsp;<a href="https://www.viamala.ch/de/veranstaltungen">Viamala-Veranstaltungskalender</a>.</p>
<p><strong>Bergbau-Geschichte im Val Ferrera - Besichtigung Museum und Zeitzeugen<br></strong>Auf Anfrage führen geführte Bergbau-Exkursionen statt. Es gibt eine geführte Tour durch das Bergbaumuseum in Innerferrera und zu den Zeitzeugen in der Schmelzi bei Ausserferrera.</p>
<p><strong>Bergbau-Wanderung zu den Erzstollen auf Ursera<br></strong>Auf Anfrage geht es zu Fuss von der Schmelzi bei Ausserferrera steil hinauf zu den stillgelegten Erzstollen auf Ursera. Gutes Schuhwerk und Trittsicherheit sind für diese anspruchsvolle Tour erforderlich.</p>
<p>Detaillierte Informationen zu den geführten Besichtigungen finden Sie im&nbsp;<a href="https://www.viamala.ch/de/veranstaltungen">Viamala-Veranstaltungskalender</a>! Für sämtliche geführte Besichtigungen ist eine Anmeldung erforderlich (begrenzte Anzahl Plätze). Für Gruppen sind individuelle Führungen an allen Wochentagen auf Anfrage möglich, zu den Silberminen auch Ganztagestouren.</p>;9.439752;46.556727;Viamala Tourismus;7432;Zillis-Reischen;+41 81 650 90 30;info@viamala.ch;https://www.erzminen-hinterrhein.ch;[{'@type': 'ImageObject', 'contentUrl': 'https://viatpimtsoch.sos-ch-dk-2.exoscale-cdn.com/catalog/6/1/0/6/610638313ee6415c1629dd94a38c3ee57173ddc5_verein_erzminen_hinterrhein_alp_taspegn_erz_und_silberminen_fuehrung.jpg', 'caption': {'de': 'Die richtige Ausrüstung ist in den Minen unerlässlich', 'en': 'The right equipment is essential in the mines', 'it': "L'attrezzatura giusta è essenziale nelle miniere"}}];2026-03-11T13:20:40+01:00
f01fcf98-e020-4ac7-b4cb-da1f4bd3115b;E-Bike-Ladestation Lohn;Die E-Bike-Ladestation befindet sich direkt beim Bergrestaurant Orta.;<p><span style="font-weight: bold;">Vorhandene Anschlüsse </span></p><ul><li>Bosch</li><li>Yamaha</li><li>Impulse-Brose </li><li>Shimano 1 &amp; 2 </li><li>Panasonic-Flyer 1 &amp; 2 </li><li>Schweizer Steckdose T13</li></ul><p><br></p><p><span style="font-weight: bold;">Unsere Tipps für Sie während der Wartezeit </span></p><ul><li>Stärken Sie sich in der&nbsp;<a href="https://www.ustreia-orta.ch/">Ustreia Orta</a> oder auf dem <a href="https://rebecca-clopath.ch/biohoftaratsch/">Biohof Taratsch</a></li><li> Entdecken Sie den <a href="https://mybusiness.outdooractive.com/de/r/23419473/">Klangwald tùn-resùn</a>. Der Weg startet gleich hinter dem Bergrestaurant Orta. Länge: 2 km, Wanderzeit ca. 50 Minuten.&nbsp;</li><li> Unterkünfte finden Sie unter <a href="https://www.viamala.ch/de/buchen/unterkuenfte">www.viamala.ch</a></li></ul>;9.425014255381711;46.65040464173163;Orta 1;7433;Lohn;+41 76 219 81 61;info@ustreia-orta.ch;https://www.ustreia-orta.ch/;[{'@type': 'ImageObject', 'contentUrl': 'https://viatpimtsoch.sos-ch-dk-2.exoscale-cdn.com/catalog/f/e/4/9/fe49507e647bd022cae4579f9a813de44b1ab3da_e_bike_ladestation_lohn_schams_naturpark_beverin.jpg', 'caption': {'de': 'Die E-Bike Ladestation in Lohn', 'en': 'E-bike charging station Lohn', 'it': 'La stazione di ricarica per biciclette elettriche a Lohn'}}];2025-10-27T21:38:41+01:00
f4b5f7a2-d3ef-4c6c-bf0b-399fe874524d;Story Mietcenter Oberurmein;Du willst spontan über die Piste kurven, einen Pulverhang hinab gleiten oder mal schnell die Schneebar unsicher machen? Das Ganze mit dem richtigen Material zu einem fairen Preis findest du im Mietcenter Oberurmein von der Story Thusis.;<p>Du willst ein paar Stunden auf die Skier oder eine ganze Saison auf das Snowboard? Du findest&nbsp;im Mietcenter für jedes Niveau und jeden Einsatzbereich das passende Material. Die Kids wachsen so schnell, ein Kauf lohnt sich nicht. Da kommt das Mietmaterial wie gerufen.</p>
<p>Um dich perfekt auszurüsten,&nbsp;hat die Sportwerkstatt ein kundenfreundliches Mietsystem entwickelt: Skimiete, Snowboardmiete, Skitourenmiete und noch viel mehr. Reserviere dein Sportgerät direkt über den <a href="https://story-thusis.ch/mietmaterial-winter/">Online-Shop</a>. Da kannst du auch auswählen, ob du dieses in Oberurmein oder in Thusis abholen wirst. Die Bezahlung erfolgt dann vor Ort anhand des effektiven Mietpreises.</p>
<p>Und für deine Kids hat die Sportwerkstatt die "3-Jahre-Sorglos-Miete" entwickelt. So bist auch du jede Saison mit dem passenden Material unterwegs.</p>;9.385854005813599;46.697754219097824;Oberurmein 149;7427;Urmein;+41 81 651 52 54;sportwerkstatt@story-thusis.ch;https://story-thusis.ch/mietmaterial-winter/;[{'@type': 'ImageObject', 'contentUrl': 'https://viatpimtsoch.sos-ch-dk-2.exoscale-cdn.com/catalog/3/4/2/3/34234f77b4706150f4150b04a3b2d7cb2e776d75_mietcenter_oberurmein_story_thusis_winter_heinzenberg.jpg', 'caption': {'de': 'Das Story Mietcenter in Oberurmein', 'en': 'The Story rental center in Oberurmein', 'it': 'Il centro di noleggio Story di Oberurmein'}}];2025-10-27T21:38:41+01:00
fdaa7771-deeb-491c-9024-e8e33d0453bc;E-Bike-Ladestation Wergenstein;Die E-Bike-Ladestation befindet sich links vom Eingang des Hotel Restaurants Capricorns.;<p><span style="font-weight: bold;">Vorhandene Anschlüsse </span></p><ul><li>Bosch</li><li>Yamaha</li><li>Impulse-Brose</li><li>Shimano 1 &amp; 2</li><li>Panasonic-Flyer 1 &amp; 2</li><li>Schweizer Steckdose&nbsp;T13</li></ul><p><br></p><p><span style="font-weight: bold;">Unsere Tipps für Sie während der Wartezeit </span></p><p>Stärken Sie sich im Restaurant Capricorns. Besuchen Sie die Capricorn-Ausstellung (Capricorn = Steinbock) im selben Gebäude.</p><p>Möchten Sie in Wergenstein übernachten, stehen Ihnen verschiedene Unterkünfte zur Wahl:</p><ul><li><a href="http://capricorns.ch/de/">Hotel Restaurant Capricorns</a> </li><li><a href="http://www.pension-muntanella.ch/">Pension Muntanella</a></li><li> <a href="https://tportal.tomas.travel/Viamala/ukv/?date_unknown=1&amp;%3FdoSearch=1&amp;ukv_result_order=1&amp;serviceProviderTypes%5B0%5D=WBX00020010000100218&amp;locationIDs%5B0%5D=TDS00020010527381593&amp;reset=1">Ferienwohnungen</a></li></ul>;9.407830739753535;46.62644193709288;Veia Cantunala 51;7433;Casti-Wergenstein;+41 81 630 71 72;hotel@capricorns.ch;https://www.capricorns.ch;[{'@type': 'ImageObject', 'contentUrl': 'https://viatpimtsoch.sos-ch-dk-2.exoscale-cdn.com/catalog/d/3/d/5/d3d5be8d6b78fb1357b1d6d84abef7d891233f98_e_bike_ladestation_wergenstein_naturpark_beverin.jpg', 'caption': {'de': 'Die E-Bike-Ladestation Wergenstein', 'en': 'The Wergenstein e-bike charging station', 'it': 'La stazione di ricarica per biciclette elettriche di Wergenstein'}}];2025-10-27T21:38:43+01:00
