id;name;disambiguatingDescription;description;longitude;latitude;streetAddress;postalCode;addressLocality;telephone;email;url;image;dateModified075f60a0-8bca-4d5a-ab88-ecf819d889e2;Avers - Juppa Richtung Cavetta;9.553771018981935;46.45135564677528;[{'@type': 'ImageObject', 'contentUrl': 'https://viatpimtsoch.sos-ch-dk-2.exoscale-cdn.com/catalog/b/1/0/9/b1094ccd0170b0de2d270fb5c2c7185061b2a6b8_avers_juppa_skilift_winter_demateo.jpg', 'caption': {'de': 'Avers Juppa im Winter'}}];2025-10-27T21:38:17+01:00
0760d5e1-8532-41a5-9756-0f0204df2a57;Andeer - Richtung Süden;9.426183700561523;46.60504815751617;[{'@type': 'ImageObject', 'contentUrl': 'https://viatpimtsoch.sos-ch-dk-2.exoscale-cdn.com/catalog/f/8/f/3/f8f3f3507b1888eeb3d0bc6d1e3d40680caf96d9_andeer_im_winter_schams_viamala_tourismus_1.jpg', 'caption': {'de': 'Andeer im Winter'}}];2026-04-21T14:43:14+02:00
153b8af0-c79b-446d-a1c2-20bc063130e6;Valle di Lei - KHR Staumauer;9.456835985183718;46.4835891691578;[{'@type': 'ImageObject', 'contentUrl': 'https://viatpimtsoch.sos-ch-dk-2.exoscale-cdn.com/catalog/a/f/1/4/af1456ea029f40d57aa2667ada0b38c1726757f9_staumauer_und_stausee_valle_di_lei_viamala_tourismus.jpg', 'caption': {'de': 'Valle di Lei'}}];2025-10-27T21:38:18+01:00
23dcfeb8-6e3e-4d83-a5fe-38c96dfb91f5;Feldis - Richtung Casealas;9.43132281303406;46.793288241230684;[{'@type': 'ImageObject', 'contentUrl': 'https://viatpimtsoch.sos-ch-dk-2.exoscale-cdn.com/catalog/4/e/f/c/4efc80daf8411bab3754a0a3c58c9e96b16854e7_feldis_dorf_im_winter.jpg', 'caption': {'de': 'Feldis im Winter'}}];2025-10-27T21:38:21+01:00
39e51482-190b-4d1c-aada-ecf9c9621a10;Obergmeind - Richtung Piz Beverin;9.359359990848187;46.69092448692598;[{'@type': 'ImageObject', 'contentUrl': 'https://viatpimtsoch.sos-ch-dk-2.exoscale-cdn.com/catalog/f/0/7/f/f07f2da697557ca7bade5d4911778e0bec2e7e82_obergemeind_skipiste_skilifte_tschappina_winter_demateo.jpg', 'caption': {'de': 'Die Obergmeind am Heinzenberg im Winter'}}];2025-10-27T21:38:21+01:00
51f23c97-431b-4d63-9072-b8b243bc3985;Andeer - Richtung Norden;9.426178336143495;46.60512550789521;[{'@type': 'ImageObject', 'contentUrl': 'https://viatpimtsoch.sos-ch-dk-2.exoscale-cdn.com/catalog/0/f/e/6/0fe6c6eea4d04345bc7de3750e9752b48e622a9c_andeer_mit_hotel_fravi_und_reformierte_kirche_im_winter_viamala_tourismus.jpg', 'caption': {'de': 'Andeer im Winter'}}];2026-04-21T14:43:16+02:00
53694ef8-18d3-4b5d-8eee-18313553784b;Avers - Juf Westen;9.580013751983644;46.44552356536379;[{'@type': 'ImageObject', 'contentUrl': 'https://viatpimtsoch.sos-ch-dk-2.exoscale-cdn.com/catalog/3/b/1/c/3b1c09eed569f0ab573ee5cb9bfc6e0f73b12b93_gasthaus_alpenrose_im_winter_1.jpg', 'caption': {'de': 'Avers Juf im Winter'}}];2025-10-27T21:38:25+01:00
6fd68e81-1b24-42cd-90b6-d35ce584d94b;Wergenstein;9.4075071;46.6262957;[{'@type': 'ImageObject', 'contentUrl': 'https://viatpimtsoch.sos-ch-dk-2.exoscale-cdn.com/catalog/a/3/9/8/a398728e39348ea3bafc6ffb104d45494b2f8450_center_da_capricorns_hotel_restaurant_capricorns_wergenstein_winter_dolores_rupa.jpg', 'caption': {'de': 'Das Hotel Restaurant Capricorns im Winter'}}];2025-10-27T21:38:29+01:00
7226e8a6-e021-445b-83ef-60c2799a25f5;Sarn - Mittelstation Dultschinas;9.384008646011354;46.7242969076248;[{'@type': 'ImageObject', 'contentUrl': 'https://viatpimtsoch.sos-ch-dk-2.exoscale-cdn.com/catalog/4/9/3/b/493b3049b8dfba9631d5dc58348fe7c630cda8e7_bergrestaurant_dultschinas_sarn_winter_demateo.jpg', 'caption': {'de': 'Sarn - Mittelstation Dultschinas im Winter'}}];2025-10-27T21:38:29+01:00
739a47a4-c071-4e09-9646-d2cecb7b6a60;Obermutten - Muttner Horn;9.484671950340273;46.67324172331749;[{'@type': 'ImageObject', 'contentUrl': 'https://viatpimtsoch.sos-ch-dk-2.exoscale-cdn.com/catalog/4/6/0/1/4601e95e42db2377f84685d50f23215a86309d40_gasthaus_post_obermutten_winter.jpg', 'caption': {'de': 'Das Gasthaus Post im Winter'}}];2025-10-27T21:38:29+01:00
7428e0d7-df2c-42b6-adb3-c3eba0fc94fe;Sufers - KHR Stausee;9.379577636718752;46.567763753427236;[{'@type': 'ImageObject', 'contentUrl': 'https://viatpimtsoch.sos-ch-dk-2.exoscale-cdn.com/catalog/2/9/8/8/29884e9f5e7b0c06349253f590b1e3a056985574_sufers_dorf_im_winter_demateo.jpg', 'caption': {'de': 'Sufers und Stausee im Winter'}}];2025-10-27T21:38:29+01:00
7b12cee1-6272-49e6-9c16-223e29acc92b;Tschappina - Gasthaus Alpina;9.3884838;46.6877507;[{'@type': 'ImageObject', 'contentUrl': 'https://viatpimtsoch.sos-ch-dk-2.exoscale-cdn.com/catalog/8/5/7/9/8579ad92ac1511ac141da8872d6f59aae258497e_gasthaus_alpina_tschappina_heinzenberg_winter.jpg', 'caption': {'de': 'Das Gasthaus Alpina im Winter'}}];2025-10-27T21:38:29+01:00
98c80e0d-d8e7-4910-8fd3-9c0aa5f1e1e7;Avers - Juf Osten;9.580174684524538;46.44536856932679;[{'@type': 'ImageObject', 'contentUrl': 'https://viatpimtsoch.sos-ch-dk-2.exoscale-cdn.com/catalog/b/a/5/0/ba506d14faef1a21e13f0a190f15f923513c7ed6_avers_juf_im_winter_demateo.jpg', 'caption': {'de': 'Avers Juf im Winter'}}];2025-10-27T21:38:33+01:00
ac962879-d0eb-4970-83bd-21443425b7e8;Feldis - Mutta Talstation SSF;9.44027066230774;46.79161626696942;[{'@type': 'ImageObject', 'contentUrl': 'https://viatpimtsoch.sos-ch-dk-2.exoscale-cdn.com/catalog/8/8/5/0/88501542fe166c9da823da37ed75b463a198cd58_sesselbahn_feldis_mutta_ssf_talstation_sommer_demateo.jpg', 'caption': {'de': 'Die Talstation der Sesselbahn Feldis-Mutta'}}];2026-06-19T11:31:35+02:00
adb0d90f-d7b8-415d-ade6-bd20ff7ec6e7;Feldis - Richtung Heinzenberg;9.43081319332123;46.79296081008457;[{'@type': 'ImageObject', 'contentUrl': 'https://viatpimtsoch.sos-ch-dk-2.exoscale-cdn.com/catalog/6/f/0/9/6f095cc121f83fefd75fe6c8ffbf32f835851ca6_feldis_dorf_im_sommer_richtung_heinzenberg.jpg', 'caption': {'de': 'Feldis im Sommer'}}];2025-10-27T21:38:33+01:00
baf4feab-f5ff-4dac-95d6-b26347f11f0c;Ausserferrera;9.44001317024231;46.55693111298112;[{'@type': 'ImageObject', 'contentUrl': 'https://viatpimtsoch.sos-ch-dk-2.exoscale-cdn.com/catalog/9/d/2/f/9d2f141073e474d38e795fe75f3014c0e77767d8_Ausserferrera_dorf_im_winter_viamala_tourismus.jpg'}];2025-10-27T21:38:36+01:00
bfa36957-2e33-4b46-9d6c-44694f9f5742;Feldis - Mutta Natureisfeld Alp Raguta;9.460183382034304;46.79618900291337;[{'@type': 'ImageObject', 'contentUrl': 'https://viatpimtsoch.sos-ch-dk-2.exoscale-cdn.com/catalog/4/6/2/4/462421f2e14ed1761cdc1d4e7ee011b774ba7490_alp_raguta_natureisfeld_feldiser_hochland_drohnenaufnahme_switzerland_tourism.jpg', 'caption': {'de': 'Das Natureisfeld Alp Raguta'}}];2026-06-22T08:43:04+02:00
ce81cb84-96de-4a92-aaeb-95da19a366f5;Feldis - Mutta Alp Raguta;9.456052780151369;46.79655594636156;[{'@type': 'ImageObject', 'contentUrl': 'https://viatpimtsoch.sos-ch-dk-2.exoscale-cdn.com/catalog/0/2/d/d/02dd4270de0ba36ec91a2b56b1cb0c1af4a12266_bergstation_sesselbahn_feldis_mutta_winter_demateo.jpg', 'caption': {'de': 'Die Bergstation der Sesselbahn Feldis-Mutta'}}];2026-08-11T16:21:54+02:00
dde617d1-00f6-428f-b5b5-69ebec0cd20f;Avers - Juppa Richtung Tscheischa;9.55388903617859;46.45128218902112;[{'@type': 'ImageObject', 'contentUrl': 'https://viatpimtsoch.sos-ch-dk-2.exoscale-cdn.com/catalog/d/9/a/5/d9a5b76e1c54d04968c342deecf61c810aa47dcb_natureisfeld_avers_juppa_winter_markus_mueller.jpg', 'caption': {'de': 'Avers Juppa im Winter'}}];2025-10-27T21:38:40+01:00
